pob,indiv,fruto,tiempo,sv,masa,l_cipsela,a_cisela,l_papus,altura_sitio,capitulos,altura_planta
cb,1,1,2264996,,2.32,4.071,1.029,7.242,960,250,110
cb,1,1,2236164,,2.32,4.071,1.029,7.242,960,250,110
cb,1,1,2275828,,2.32,4.071,1.029,7.242,960,250,110
cb,1,2,2706264,,2.19,3.822,0.936,7.515,960,250,110
cb,1,2,2744892,,2.19,3.822,0.936,7.515,960,250,110
cb,1,2,2678340,,2.19,3.822,0.936,7.515,960,250,110
cb,1,3,2121188,,2.14,4.071,1.108,6.976,960,250,110
cb,1,3,2152384,,2.14,4.071,1.108,6.976,960,250,110
cb,1,3,2168296,,2.14,4.071,1.108,6.976,960,55,84
cm,1,1,4326924,,0.7,3.621,1.002,6.761,1170,38,66
cm,1,1,4335888,,0.7,3.621,1.002,6.761,1170,38,66
cm,1,1,4373372,,0.7,3.621,1.002,6.761,1170,38,66
cm,1,2,4406740,,0.56,3.65,0.987,6.871,1170,38,66
cm,1,2,4320800,,0.56,3.65,0.987,6.871,1170,38,66
cm,1,2,4571604,,0.56,3.65,0.987,6.871,1170,38,66
cm,1,3,3629012,,0.91,3.709,0.918,6.859,1170,38,66
cm,1,3,3617328,,0.91,3.709,0.918,6.859,1170,38,66
cm,1,3,3640764,,0.91,3.709,0.918,6.859,1170,38,66
ca,1,1,2209056,,2.51,4.24,1.05,7.502,1350,477,67
ca,1,1,2185904,,2.51,4.24,1.05,7.502,1350,477,67
ca,1,1,2184260,,2.51,4.24,1.05,7.502,1350,477,67
ca,1,2,3840208,,1.08,4.001,1.122,7.493,1350,477,67
ca,1,2,3871796,,1.08,4.001,1.122,7.493,1350,477,67
ca,1,2,3894664,,1.08,4.001,1.122,7.493,1350,477,67
ca,1,3,2496596,,2.46,4.092,0.877,7.516,1350,477,67
ca,1,3,2557196,,2.46,4.092,0.877,7.516,1350,477,67
ca,1,3,2469232,,2.46,4.092,0.877,7.516,1350,477,67
cabal,1,1,2669832,,2.08,4.08,1,8.4,,1200,65
cabal,1,1,2713284,,2.08,4.08,1,8.4,,1200,65
cabal,1,1,2660596,,2.08,4.08,1,8.4,,1200,65
cabal,1,2,2439672,,1.52,4.15,0.97,8.27,,1200,65
cabal,1,2,2430760,,1.52,4.15,0.97,8.27,,1200,65
cabal,1,2,2439320,,1.52,4.15,0.97,8.27,,1200,65
cabal,1,3,2439760,,,4.03,1,8.49,,1200,65
cabal,1,3,2400376,,,4.03,1,8.49,,1200,65
cabal,1,3,2410936,,,4.03,1,8.49,,1200,65
candonga,1,1,3189688,,0.82,3.473,1.068,7.633,,35,120
candonga,1,1,3092772,,0.82,3.473,1.068,7.633,,35,120
candonga,1,1,3128504,,0.82,3.473,1.068,7.633,,35,120
candonga,1,2,3859960,,1.01,3.13,0.901,7.666,,35,120
candonga,1,2,4001520,,1.01,3.13,0.901,7.666,,35,120
candonga,1,2,4053072,,1.01,3.13,0.901,7.666,,35,120
candonga,1,3,2829724,,2.18,3.051,0.985,7.582,,35,120
candonga,1,3,2705064,,2.18,3.051,0.985,7.582,,35,120
candonga,1,3,2772508,,2.18,3.051,0.985,7.582,,35,120
cb,2,1,2137664,,2.73,4.243,0.936,6.419,960,55,84
cb,2,1,2135636,,2.73,4.243,0.936,6.419,960,55,84
cb,2,1,2150616,,2.73,4.243,0.936,6.419,960,55,84
cb,2,2,2770340,,0.92,4.093,1.144,6.528,960,55,84
cb,2,2,2757864,,0.92,4.093,1.144,6.528,960,55,84
cb,2,2,2717100,,0.92,4.093,1.144,6.528,960,55,84
cb,2,3,3063228,,1.52,4.49,0.977,6.831,960,55,84
cb,2,3,3081296,,1.52,4.49,0.977,6.831,960,55,84
cb,2,3,3045636,,1.52,4.49,0.977,6.831,960,55,84
cm,2,1,2179892,,2.1,4.407,0.887,6.117,1170,180,104
cm,2,1,2147160,,2.1,4.407,0.887,6.117,1170,180,104
cm,2,1,2160968,,2.1,4.407,0.887,6.117,1170,180,104
cm,2,2,2318616,,2.12,4.355,1.046,6.402,1170,180,104
cm,2,2,2351184,,2.12,4.355,1.046,6.402,1170,180,104
cm,2,2,2350584,,2.12,4.355,1.046,6.402,1170,180,104
cm,2,3,2327096,,1.54,4.188,0.993,6.613,1170,180,104
cm,2,3,2324176,,1.54,4.188,0.993,6.613,1170,180,104
cm,2,3,2341200,,1.54,4.188,0.993,6.613,1170,180,104
ca,2,1,4609228,,0.71,3.919,1.037,7.134,1350,1925,86
ca,2,1,4438760,,0.71,3.919,1.037,7.134,1350,1925,86
ca,2,1,4406496,,0.71,3.919,1.037,7.134,1350,1925,86
ca,2,2,3309456,,1.85,4.089,1.051,7.179,1350,1925,86
ca,2,2,3422504,,1.85,4.089,1.051,7.179,1350,1925,86
ca,2,2,3302120,,1.85,4.089,1.051,7.179,1350,1925,86
ca,2,3,4241210,,0.96,4.024,1.049,6.488,1350,1925,86
ca,2,3,4087652,,0.96,4.024,1.049,6.488,1350,1925,86
ca,2,3,4110244,,0.96,4.024,1.049,6.488,1350,1925,86
cabal,2,1,3422472,,2.05,4.03,1.08,8.89,,1170,86
cabal,2,1,3402336,,2.05,4.03,1.08,8.89,,1170,86
cabal,2,1,3430676,,2.05,4.03,1.08,8.89,,1170,86
cabal,2,2,3036392,,2.31,4.7,0.86,9.22,,1170,86
cabal,2,2,3005784,,2.31,4.7,0.86,9.22,,1170,86
cabal,2,2,2983636,,2.31,4.7,0.86,9.22,,1170,86
cabal,2,3,3072272,,1.95,4.33,0.96,9.13,,1170,86
cabal,2,3,3071212,,1.95,4.33,0.96,9.13,,1170,86
cabal,2,3,3058960,,1.95,4.33,0.96,9.13,,1170,86
candonga,2,1,5906064,,0.72,3.129,0.704,7.883,,25,115
candonga,2,1,5950360,,0.72,3.129,0.704,7.883,,25,115
candonga,2,1,5549412,,0.72,3.129,0.704,7.883,,25,115
candonga,2,2,3165832,,1.09,3.316,0.862,6.482,,25,115
candonga,2,2,3112188,,1.09,3.316,0.862,6.482,,25,115
candonga,2,2,3150988,,1.09,3.316,0.862,6.482,,25,115
candonga,2,3,5473044,,0.6,3.122,0.902,7.541,,25,115
candonga,2,3,5475076,,0.6,3.122,0.902,7.541,,25,115
candonga,2,3,5667408,,0.6,3.122,0.902,7.541,,25,115
cb,3,1,2296052,,1.96,3.94,1.185,6.925,960,25,81
cb,3,1,2292712,,1.96,3.94,1.185,6.925,960,25,81
cb,3,1,2280708,,1.96,3.94,1.185,6.925,960,25,81
cb,3,2,2124088,,1.91,4.11,1.238,6.725,960,25,81
cb,3,2,2093864,,1.91,4.11,1.238,6.725,960,25,81
cb,3,2,2053328,,1.91,4.11,1.238,6.725,960,25,81
cb,3,3,2150596,,2.31,3.966,1.005,6.749,960,25,81
cb,3,3,2163896,,2.31,3.966,1.005,6.749,960,25,81
cb,3,3,2148064,,2.31,3.966,1.005,6.749,960,25,81
cm,3,1,2116408,,1.93,4.459,1.053,6.155,1170,60,81
cm,3,1,2115968,,1.93,4.459,1.053,6.155,1170,60,81
cm,3,1,2096028,,1.93,4.459,1.053,6.155,1170,60,81
cm,3,2,2373168,,1.86,4.167,0.916,6.995,1170,60,81
cm,3,2,2679336,,1.86,4.167,0.916,6.995,1170,60,81
cm,3,2,2654916,,1.86,4.167,0.916,6.995,1170,60,81
cm,3,3,2194856,,2.04,4.297,0.95,6.33,1170,60,81
cm,3,3,2233856,,2.04,4.297,0.95,6.33,1170,60,81
cm,3,3,2216760,,2.04,4.297,0.95,6.33,1170,60,81
ca,3,1,2255720,,1.93,3.258,1.084,6.833,1350,54,53
ca,3,1,2259360,,1.93,3.258,1.084,6.833,1350,54,53
ca,3,1,2257444,,1.93,3.258,1.084,6.833,1350,54,53
ca,3,2,2796100,,1.52,3.512,0.89,7.016,1350,54,53
ca,3,2,2861324,,1.52,3.512,0.89,7.016,1350,54,53
ca,3,2,2819764,,1.52,3.512,0.89,7.016,1350,54,53
ca,3,3,2412324,,1.94,3.548,1.093,7.061,1350,54,53
ca,3,3,2456772,,1.94,3.548,1.093,7.061,1350,54,53
ca,3,3,2413220,,1.94,3.548,1.093,7.061,1350,54,53
cabal,3,1,2278340,,2.01,3.41,0.98,6.45,,1230,69
cabal,3,1,2246720,,2.01,3.41,0.98,6.45,,1230,69
cabal,3,1,2255856,,2.01,3.41,0.98,6.45,,1230,69
cabal,3,2,2815292,,1.3,3.25,1.02,6.36,,1230,69
cabal,3,2,2836136,,1.3,3.25,1.02,6.36,,1230,69
cabal,3,2,2779960,,1.3,3.25,1.02,6.36,,1230,69
cabal,3,3,2321260,,2,3.3,0.97,6.31,,1230,69
cabal,3,3,2372592,,2,3.3,0.97,6.31,,1230,69
cabal,3,3,2328808,,2,3.3,0.97,6.31,,1230,69
candonga,3,1,3995460,,0.76,4.693,1.134,7.258,,50,135
candonga,3,1,4006444,,0.76,4.693,1.134,7.258,,50,135
candonga,3,1,4003324,,0.76,4.693,1.134,7.258,,50,135
candonga,3,2,4124124,,1.04,4.27,0.906,7.072,,50,135
candonga,3,2,4003976,,1.04,4.27,0.906,7.072,,50,135
candonga,3,2,4010956,,1.04,4.27,0.906,7.072,,50,135
candonga,3,3,2486908,,2.6,4.25,0.892,7.259,,50,135
candonga,3,3,2428492,,2.6,4.25,0.892,7.259,,50,135
candonga,3,3,2404400,,2.6,4.25,0.892,7.259,,50,135
cb,4,1,2155060,,2.07,3.574,1.149,6.786,960,150,101
cb,4,1,2165408,,2.07,3.574,1.149,6.786,960,150,101
cb,4,1,2131256,,2.07,3.574,1.149,6.786,960,150,101
cb,4,2,2285756,,1.88,3.761,1.049,6.314,960,150,101
cb,4,2,2287336,,1.88,3.761,1.049,6.314,960,150,101
cb,4,2,2241160,,1.88,3.761,1.049,6.314,960,150,101
cb,4,3,2076288,,2.14,3.676,1.006,6.494,960,150,101
cb,4,3,2059056,,2.14,3.676,1.006,6.494,960,150,101
cb,4,3,2065812,,2.14,3.676,1.006,6.494,960,150,101
cm,4,1,3893452,,0.64,3.492,0.925,6.127,1170,90,60
cm,4,1,3842488,,0.64,3.492,0.925,6.127,1170,90,60
cm,4,1,3876520,,0.64,3.492,0.925,6.127,1170,90,60
cm,4,2,4383796,,0.6,3.275,0.704,6.375,1170,90,60
cm,4,2,4476344,,0.6,3.275,0.704,6.375,1170,90,60
cm,4,2,4330032,,0.6,3.275,0.704,6.375,1170,90,60
cm,4,3,2748700,,0.75,3.864,0.763,6.245,1170,90,60
cm,4,3,2682760,,0.75,3.864,0.763,6.245,1170,90,60
cm,4,3,2807032,,0.75,3.864,0.763,6.245,1170,90,60
ca,4,1,4424120,,0.78,3.624,0.884,6.752,1350,572,66
ca,4,1,4407748,,0.78,3.624,0.884,6.752,1350,572,66
ca,4,1,4470152,,0.78,3.624,0.884,6.752,1350,572,66
ca,4,2,3168060,,1.82,3.628,0.877,7.073,1350,572,66
ca,4,2,3157092,,1.82,3.628,0.877,7.073,1350,572,66
ca,4,2,3176048,,1.82,3.628,0.877,7.073,1350,572,66
ca,4,3,2982556,,1.86,3.634,0.803,6.888,1350,572,66
ca,4,3,2966848,,1.86,3.634,0.803,6.888,1350,572,66
ca,4,3,3112604,,1.86,3.634,0.803,6.888,1350,572,66
cabal,4,1,3157360,,1.02,3.68,1.164,6.825,,385,63
cabal,4,1,3139668,,1.02,3.68,1.164,6.825,,385,63
cabal,4,1,3127348,,1.02,3.68,1.164,6.825,,385,63
cabal,4,2,2185468,,1.93,3.533,0.948,6.555,,385,63
cabal,4,2,2176432,,1.93,3.533,0.948,6.555,,385,63
cabal,4,2,2193340,,1.93,3.533,0.948,6.555,,385,63
cabal,4,3,2107668,,2.25,3.694,0.936,6.586,,385,63
cabal,4,3,2133992,,2.25,3.694,0.936,6.586,,385,63
cabal,4,3,2132548,,2.25,3.694,0.936,6.586,,385,63
candonga,4,1,3217132,,2.19,4.756,0.937,8.214,,70,95
candonga,4,1,3190428,,2.19,4.756,0.937,8.214,,70,95
candonga,4,1,3238352,,2.19,4.756,0.937,8.214,,70,95
candonga,4,2,3243276,,2.3,5.123,0.857,7.598,,70,95
candonga,4,2,3233596,,2.3,5.123,0.857,7.598,,70,95
candonga,4,2,3271140,,2.3,5.123,0.857,7.598,,70,95
candonga,4,3,3119916,,2.42,4.461,0.882,8.005,,70,95
candonga,4,3,3002520,,2.42,4.461,0.882,8.005,,70,95
candonga,4,3,3164780,,2.42,4.461,0.882,8.005,,70,95
cb,5,1,2649896,,1.65,3.695,1.098,7.185,960,240,84
cb,5,1,2688320,,1.65,3.695,1.098,7.185,960,240,84
cb,5,1,2627440,,1.65,3.695,1.098,7.185,960,240,84
cb,5,2,2788956,,1.56,3.838,1.03,6.535,960,240,84
cb,5,2,2788196,,1.56,3.838,1.03,6.535,960,240,84
cb,5,2,2790300,,1.56,3.838,1.03,6.535,960,240,84
cb,5,3,2768524,,1.77,3.653,1.011,7.055,960,240,84
cb,5,3,2733536,,1.77,3.653,1.011,7.055,960,240,84
cb,5,3,2731212,,1.77,3.653,1.011,7.055,960,240,84
cm,5,1,4167308,,0.7,3.925,0.822,6.501,1170,40,55
cm,5,1,4180172,,0.7,3.925,0.822,6.501,1170,40,55
cm,5,1,4108080,,0.7,3.925,0.822,6.501,1170,40,55
cm,5,2,3968264,,0.39,3.642,0.789,6.787,1170,40,55
cm,5,2,3924752,,0.39,3.642,0.789,6.787,1170,40,55
cm,5,2,3993292,,0.39,3.642,0.789,6.787,1170,40,55
cm,5,3,4139020,,1.03,3.658,0.865,7.013,1170,40,55
cm,5,3,4225604,,1.03,3.658,0.865,7.013,1170,40,55
cm,5,3,4457164,,1.03,3.658,0.865,7.013,1170,40,55
ca,5,1,2627764,,2.38,3.708,0.858,7.468,1350,49,59
ca,5,1,2640888,,2.38,3.708,0.858,7.468,1350,49,59
ca,5,1,2613612,,2.38,3.708,0.858,7.468,1350,49,59
ca,5,2,4279900,,0.86,3.668,1.081,7.634,1350,49,59
ca,5,2,4288584,,0.86,3.668,1.081,7.634,1350,49,59
ca,5,2,4243264,,0.86,3.668,1.081,7.634,1350,49,59
ca,5,3,3550144,,0.99,3.467,1.314,7.429,1350,49,59
ca,5,3,3602320,,0.99,3.467,1.314,7.429,1350,49,59
ca,5,3,3536900,,0.99,3.467,1.314,7.429,1350,49,59
cabal,5,1,3511212,,0.52,4.544,1.002,6.968,,1680,92
cabal,5,1,3405040,,0.52,4.544,1.002,6.968,,1680,92
cabal,5,1,3453360,,0.52,4.544,1.002,6.968,,1680,92
cabal,5,2,2302432,,2.52,4.55,0.893,6.535,,1680,92
cabal,5,2,2293332,,2.52,4.55,0.893,6.535,,1680,92
cabal,5,2,2303560,,2.52,4.55,0.893,6.535,,1680,92
cabal,5,3,2229884,,2.18,4.287,0.824,6.174,,1680,92
cabal,5,3,2213468,,2.18,4.287,0.824,6.174,,1680,92
cabal,5,3,2194576,,2.18,4.287,0.824,6.174,,1680,92
candonga,5,1,2169620,,2.65,4.529,0.997,8.332,,50,110
candonga,5,1,2182832,,2.65,4.529,0.997,8.332,,50,110
candonga,5,1,2191640,,2.65,4.529,0.997,8.332,,50,110
candonga,5,2,2403752,,2.82,4.529,1.05,7.908,,50,110
candonga,5,2,2394452,,2.82,4.529,1.05,7.908,,50,110
candonga,5,2,2369064,,2.82,4.529,1.05,7.908,,50,110
candonga,5,3,2481524,,2.76,4.439,1.05,8.116,,50,110
candonga,5,3,2517660,,2.76,4.439,1.05,8.116,,50,110
candonga,5,3,2495748,,2.76,4.439,1.05,8.116,,50,110
cb,6,1,2277896,,2.95,4.781,1.092,8.177,960,160,95
cb,6,1,2201404,,2.95,4.781,1.092,8.177,960,160,95
cb,6,1,2191416,,2.95,4.781,1.092,8.177,960,160,95
cb,6,2,2911308,,1.88,4.755,1.227,7.819,960,160,95
cb,6,2,2905112,,1.88,4.755,1.227,7.819,960,160,95
cb,6,2,2950020,,1.88,4.755,1.227,7.819,960,160,95
cb,6,3,2961048,,1.91,4.539,0.999,8.691,960,160,95
cb,6,3,2937776,,1.91,4.539,0.999,8.691,960,160,95
cb,6,3,2985456,,1.91,4.539,0.999,8.691,960,160,95
cm,6,1,3894468,,0.71,3.949,1.037,7.163,1170,45,57
cm,6,1,3936088,,0.71,3.949,1.037,7.163,1170,45,57
cm,6,1,3816164,,0.71,3.949,1.037,7.163,1170,45,57
cm,6,2,3901188,,0.88,3.247,1.036,8.006,1170,45,57
cm,6,2,3918692,,0.88,3.247,1.036,8.006,1170,45,57
cm,6,2,3988904,,0.88,3.247,1.036,8.006,1170,45,57
cm,6,3,2387184,,2.6,3.638,0.933,6.325,1170,45,57
cm,6,3,2432516,,2.6,3.638,0.933,6.325,1170,45,57
cm,6,3,2421768,,2.6,3.638,0.933,6.325,1170,45,57
ca,6,1,3169684,,1.68,4.226,0.917,8.777,1350,84,72
ca,6,1,3159320,,1.68,4.226,0.917,8.777,1350,84,72
ca,6,1,3219128,,1.68,4.226,0.917,8.777,1350,84,72
ca,6,2,2992528,,1.8,3.487,1.005,7.649,1350,84,72
ca,6,2,3043192,,1.8,3.487,1.005,7.649,1350,84,72
ca,6,2,3037716,,1.8,3.487,1.005,7.649,1350,84,72
ca,6,3,3543184,,1.66,3.72,0.983,7.952,1350,84,72
ca,6,3,3447104,,1.66,3.72,0.983,7.952,1350,84,72
ca,6,3,3469772,,1.66,3.72,0.983,7.952,1350,84,72
cabal,6,1,2211852,,1.83,3.93,0.83,7.09,,225,63
cabal,6,1,2139388,,1.83,3.93,0.83,7.09,,225,63
cabal,6,1,2137508,,1.83,3.93,0.83,7.09,,225,63
cabal,6,2,2109388,,2.07,3.79,0.88,6.22,,225,63
cabal,6,2,2096220,,2.07,3.79,0.88,6.22,,225,63
cabal,6,2,2104812,,2.07,3.79,0.88,6.22,,225,63
cabal,6,3,2610052,,1.67,3.93,0.87,6.74,,225,63
cabal,6,3,2610052,,1.67,3.93,0.87,6.74,,225,63
cabal,6,3,2575492,,1.67,3.93,0.87,6.74,,225,63
candonga,6,1,2417224,,2.46,4.345,1.049,8.54,,20,105
candonga,6,1,2371780,,2.46,4.345,1.049,8.54,,20,105
candonga,6,1,2378016,,2.46,4.345,1.049,8.54,,20,105
candonga,6,2,2400620,,1.94,4.163,0.955,7.919,,20,105
candonga,6,2,2447832,,1.94,4.163,0.955,7.919,,20,105
candonga,6,2,2446128,,1.94,4.163,0.955,7.919,,20,105
candonga,6,3,2455276,,2.32,4.252,1.202,8.434,,20,105
candonga,6,3,2432548,,2.32,4.252,1.202,8.434,,20,105
candonga,6,3,2439688,,2.32,4.252,1.202,8.434,,20,105
cb,7,1,3184048,,0.96,4.137,0.893,7.57,960,200,87
cb,7,1,3174980,,0.96,4.137,0.893,7.57,960,200,87
cb,7,1,3163276,,0.96,4.137,0.893,7.57,960,200,87
cb,7,2,2948760,,0.93,4.05,0.995,7.502,960,200,87
cb,7,2,2960092,,0.93,4.05,0.995,7.502,960,200,87
cb,7,2,3015952,,0.93,4.05,0.995,7.502,960,200,87
cb,7,3,3249036,,0.94,3.94,0.995,7.242,960,200,87
cb,7,3,3341932,,0.94,3.94,0.995,7.242,960,200,87
cb,7,3,3369656,,0.94,3.94,0.995,7.242,960,200,87
cm,7,1,2409432,,2.23,4.049,1.01,7.42,1170,600,79
cm,7,1,2410768,,2.23,4.049,1.01,7.42,1170,600,79
cm,7,1,2388028,,2.23,4.049,1.01,7.42,1170,600,79
cm,7,2,3162320,,2.02,3.762,1.029,7.403,1170,600,79
cm,7,2,3107704,,2.02,3.762,1.029,7.403,1170,600,79
cm,7,2,3238180,,2.02,3.762,1.029,7.403,1170,600,79
cm,7,3,2543004,,2.6,3.981,1.094,7.234,1170,600,79
cm,7,3,2523928,,2.6,3.981,1.094,7.234,1170,600,79
cm,7,3,2547440,,2.6,3.981,1.094,7.234,1170,600,79
ca,7,1,2889232,,1.92,3.619,1.024,8.225,1350,1334,69
ca,7,1,2883080,,1.92,3.619,1.024,8.225,1350,1334,69
ca,7,1,2903844,,1.92,3.619,1.024,8.225,1350,1334,69
ca,7,2,4413076,,0.69,3.864,1.021,7.593,1350,1334,69
ca,7,2,4319816,,0.69,3.864,1.021,7.593,1350,1334,69
ca,7,2,4227628,,0.69,3.864,1.021,7.593,1350,1334,69
ca,7,3,2792472,,2.19,3.621,0.971,7.447,1350,1334,69
ca,7,3,2823756,,2.19,3.621,0.971,7.447,1350,1334,69
ca,7,3,2788300,,2.19,3.621,0.971,7.447,1350,1334,69
cabal,7,1,2645784,,1.36,3.62,1.03,7.19,,560,60
cabal,7,1,2640804,,1.36,3.62,1.03,7.19,,560,60
cabal,7,1,2633068,,1.36,3.62,1.03,7.19,,560,60
cabal,7,2,4390448,,0.63,3.68,0.86,7.76,,560,60
cabal,7,2,4164912,,0.63,3.68,0.86,7.76,,560,60
cabal,7,2,4195976,,0.63,3.68,0.86,7.76,,560,60
cabal,7,3,3692680,,1.44,3.87,0.79,8.35,,560,60
cabal,7,3,3723672,,1.44,3.87,0.79,8.35,,560,60
cabal,7,3,3802456,,1.44,3.87,0.79,8.35,,560,60
candonga,7,1,1939188,,2.33,4.44,0.929,6.816,,110,79
candonga,7,1,1923048,,2.33,4.44,0.929,6.816,,110,79
candonga,7,1,1922880,,2.33,4.44,0.929,6.816,,110,79
candonga,7,2,3287368,,0.62,3.985,0.742,6.873,,110,79
candonga,7,2,3283416,,0.62,3.985,0.742,6.873,,110,79
candonga,7,2,3219304,,0.62,3.985,0.742,6.873,,110,79
candonga,7,3,1881976,,2.65,4.256,1.065,6.877,,110,79
candonga,7,3,1884688,,2.65,4.256,1.065,6.877,,110,79
candonga,7,3,1852292,,2.65,4.256,1.065,6.877,,110,79
ca,8,1,3001468,,1.88,4.057,0.953,7.764,1350,1440,81
ca,8,1,2976588,,1.88,4.057,0.953,7.764,1350,1440,81
ca,8,1,3027884,,1.88,4.057,0.953,7.764,1350,1440,81
ca,8,2,2820604,,1.82,3.883,1.182,8.094,1350,1440,81
ca,8,2,2857796,,1.82,3.883,1.182,8.094,1350,1440,81
ca,8,2,2800200,,1.82,3.883,1.182,8.094,1350,1440,81
ca,8,3,3861536,,0.9,4.16,1.048,7.964,1350,1440,81
ca,8,3,3838940,,0.9,4.16,1.048,7.964,1350,1440,81
ca,8,3,3875140,,0.9,4.16,1.048,7.964,1350,1440,81
cabal,8,1,2948124,,1.86,4.27,1.034,8.384,,232,73
cabal,8,1,2980616,,1.86,4.27,1.034,8.384,,232,73
cabal,8,1,2965204,,1.86,4.27,1.034,8.384,,232,73
cabal,8,2,2881640,,1.72,4.256,0.844,7.752,,232,73
cabal,8,2,2854968,,1.72,4.256,0.844,7.752,,232,73
cabal,8,2,2862940,,1.72,4.256,0.844,7.752,,232,73
cabal,8,3,2924908,,1.98,3.847,0.961,7.999,,232,73
cabal,8,3,2906316,,1.98,3.847,0.961,7.999,,232,73
cabal,8,3,2896448,,1.98,3.847,0.961,7.999,,232,73
candonga,8,1,2508012,,2.12,3.851,1.002,6.32,,100,110
candonga,8,1,2535036,,2.12,3.851,1.002,6.32,,100,110
candonga,8,1,2521212,,2.12,3.851,1.002,6.32,,100,110
candonga,8,2,2615684,,1.85,3.775,1.109,6.925,,100,110
candonga,8,2,2594248,,1.85,3.775,1.109,6.925,,100,110
candonga,8,2,2563636,,1.85,3.775,1.109,6.925,,100,110
candonga,8,3,2829024,,1.68,3.578,0.882,6.75,,100,110
candonga,8,3,2779768,,1.68,3.578,0.882,6.75,,100,110
candonga,8,3,2798132,,1.68,3.578,0.882,6.75,,100,110
cb,9,1,2790588,,1.11,3.766,0.971,5.992,960,450,88
cb,9,1,2787720,,1.11,3.766,0.971,5.992,960,450,88
cb,9,1,2781504,,1.11,3.766,0.971,5.992,960,450,88
cb,9,2,2692888,,1.33,4.03,1.036,6.427,960,450,88
cb,9,2,2651760,,1.33,4.03,1.036,6.427,960,450,88
cb,9,2,2711688,,1.33,4.03,1.036,6.427,960,450,88
cb,9,3,3216768,,0.89,4.305,1.029,7.058,960,450,88
cb,9,3,3199836,,0.89,4.305,1.029,7.058,960,450,88
cb,9,3,3218848,,0.89,4.305,1.029,7.058,960,450,88
cm,9,1,4578228,,0.7,3.83,0.806,6.259,1170,45,59
cm,9,1,4466840,,0.7,3.83,0.806,6.259,1170,45,59
cm,9,1,4289232,,0.7,3.83,0.806,6.259,1170,45,59
cm,9,2,4278592,,1.03,3.839,0.908,7.105,1170,45,59
cm,9,2,4207856,,1.03,3.839,0.908,7.105,1170,45,59
cm,9,2,4111760,,1.03,3.839,0.908,7.105,1170,45,59
cm,9,3,4254076,,0.72,3.948,0.942,6.853,1170,45,59
cm,9,3,4205908,,0.72,3.948,0.942,6.853,1170,45,59
cm,9,3,4179104,,0.72,3.948,0.942,6.853,1170,45,59
ca,9,1,3476828,,1.56,4.247,1.166,7.138,1350,28,90
ca,9,1,3386796,,1.56,4.247,1.166,7.138,1350,28,90
ca,9,1,3421828,,1.56,4.247,1.166,7.138,1350,28,90
ca,9,2,2814876,,2.3,4.901,1.087,7.8,1350,28,90
ca,9,2,2858812,,2.3,4.901,1.087,7.8,1350,28,90
ca,9,2,2839548,,2.3,4.901,1.087,7.8,1350,28,90
ca,9,3,2586376,,2.16,4.319,0.962,7.71,1350,28,90
ca,9,3,2655596,,2.16,4.319,0.962,7.71,1350,28,90
ca,9,3,2649396,,2.16,4.319,0.962,7.71,1350,28,90
cabal,9,1,3612544,,0.94,4.055,1.015,6.829,,240,80
cabal,9,1,3662072,,0.94,4.055,1.015,6.829,,240,80
cabal,9,1,3653180,,0.94,4.055,1.015,6.829,,240,80
cabal,9,2,2915380,,1.55,4.065,0.877,7.015,,240,80
cabal,9,2,2907184,,1.55,4.065,0.877,7.015,,240,80
cabal,9,2,2921244,,1.55,4.065,0.877,7.015,,240,80
cabal,9,3,3037580,,1.62,3.916,0.992,7.269,,240,80
cabal,9,3,3004196,,1.62,3.916,0.992,7.269,,240,80
cabal,9,3,3043192,,1.62,3.916,0.992,7.269,,240,80
candonga,9,1,2271184,,1.91,4.153,0.968,6.661,,40,100
candonga,9,1,2238932,,1.91,4.153,0.968,6.661,,40,100
candonga,9,1,2264000,,1.91,4.153,0.968,6.661,,40,100
candonga,9,2,2691596,,1.92,4.2,0.997,7.408,,40,100
candonga,9,2,2695168,,1.92,4.2,0.997,7.408,,40,100
candonga,9,2,2666716,,1.92,4.2,0.997,7.408,,40,100
candonga,9,3,2613616,,1.94,4.163,0.985,6.951,,40,100
candonga,9,3,2580380,,1.94,4.163,0.985,6.951,,40,100
candonga,9,3,2617332,,1.94,4.163,0.985,6.951,,40,100
cb,10,1,2663624,,2.37,3.369,1.142,7.141,960,4000,117
cb,10,1,2595280,,2.37,3.369,1.142,7.141,960,4000,117
cb,10,1,2605924,,2.37,3.369,1.142,7.141,960,4000,117
cb,10,2,2678600,,2.25,4.216,1.115,7.453,960,4000,117
cb,10,2,2682812,,2.25,4.216,1.115,7.453,960,4000,117
cb,10,2,2729440,,2.25,4.216,1.115,7.453,960,4000,117
cb,10,3,2155724,,2.05,4.04,0.947,7.367,960,4000,117
cb,10,3,2184420,,2.05,4.04,0.947,7.367,960,4000,117
cb,10,3,2142280,,2.05,4.04,0.947,7.367,960,4000,117
cm,10,1,2637956,,1.85,4.098,0.98,6.286,1170,50,66
cm,10,1,2647092,,1.85,4.098,0.98,6.286,1170,50,66
cm,10,1,2609684,,1.85,4.098,0.98,6.286,1170,50,66
cm,10,2,2518024,,1.45,4.101,0.849,6.27,1170,50,66
cm,10,2,2503404,,1.45,4.101,0.849,6.27,1170,50,66
cm,10,2,2471752,,1.45,4.101,0.849,6.27,1170,50,66
cm,10,3,2341644,,1.62,4.154,0.865,6.355,1170,50,66
cm,10,3,2351556,,1.62,4.154,0.865,6.355,1170,50,66
cm,10,3,2316336,,1.62,4.154,0.865,6.355,1170,50,66
ca,10,1,3822632,,1.14,4.671,0.971,8.442,1350,149,62
ca,10,1,3876444,,1.14,4.671,0.971,8.442,1350,149,62
ca,10,1,3865384,,1.14,4.671,0.971,8.442,1350,149,62
ca,10,2,3415388,,1.73,4.407,1.041,7.646,1350,149,62
ca,10,2,3261884,,1.73,4.407,1.041,7.646,1350,149,62
ca,10,2,3271184,,1.73,4.407,1.041,7.646,1350,149,62
ca,10,3,2983020,,2.1,4.248,0.974,7.335,1350,149,62
ca,10,3,2993576,,2.1,4.248,0.974,7.335,1350,149,62
ca,10,3,3039440,,2.1,4.248,0.974,7.335,1350,149,62
cabal,10,1,2039320,,2.05,3.79,0.97,6.23,,594,98
cabal,10,1,2025196,,2.05,3.79,0.97,6.23,,594,98
cabal,10,1,2054004,,2.05,3.79,0.97,6.23,,594,98
cabal,10,2,2159512,,2.06,3.82,1.05,5.92,,594,98
cabal,10,2,2146868,,2.06,3.82,1.05,5.92,,594,98
cabal,10,2,2152300,,2.06,3.82,1.05,5.92,,594,98
cabal,10,3,2208720,,1.74,3.6,1,6.11,,594,98
cabal,10,3,2226536,,1.74,3.6,1,6.11,,594,98
cabal,10,3,2225440,,1.74,3.6,1,6.11,,594,98
candonga,10,1,3382008,,0.86,2.869,0.706,6.69,,150,97
candonga,10,1,3363336,,0.86,2.869,0.706,6.69,,150,97
candonga,10,1,3299808,,0.86,2.869,0.706,6.69,,150,97
candonga,10,2,4871836,,0.73,3.469,0.644,6.702,,150,97
candonga,10,2,4994380,,0.73,3.469,0.644,6.702,,150,97
candonga,10,2,4619580,,0.73,3.469,0.644,6.702,,150,97
candonga,10,3,4650120,,0.63,2.874,0.831,7.087,,150,97
candonga,10,3,4373180,,0.63,2.874,0.831,7.087,,150,97
candonga,10,3,4344240,,0.63,2.874,0.831,7.087,,150,97
cb,11,1,2606712,,1.68,4.551,1.04,7.388,960,300,77
cb,11,1,2560392,,1.68,4.551,1.04,7.388,960,300,77
cb,11,1,2633756,,1.68,4.551,1.04,7.388,960,300,77
cb,11,2,2435772,,2.04,4.398,0.888,7.217,960,300,77
cb,11,2,2457108,,2.04,4.398,0.888,7.217,960,300,77
cb,11,2,2426280,,2.04,4.398,0.888,7.217,960,300,77
cb,11,3,2599204,,1.97,4.409,0.972,7.334,960,300,77
cb,11,3,2537448,,1.97,4.409,0.972,7.334,960,300,77
cb,11,3,2560700,,1.97,4.409,0.972,7.334,960,300,77
candonga,11,1,2806988,,2,4.028,1.065,7.081,,250,80
candonga,11,1,2775316,,2,4.028,1.065,7.081,,250,80
candonga,11,1,2786808,,2,4.028,1.065,7.081,,250,80
candonga,11,2,2773376,,2.08,3.594,1.11,7.375,,250,80
candonga,11,2,2801876,,2.08,3.594,1.11,7.375,,250,80
candonga,11,2,2811716,,2.08,3.594,1.11,7.375,,250,80
candonga,11,3,2867248,,2.14,3.979,0.887,7.352,,250,80
candonga,11,3,2992296,,2.14,3.979,0.887,7.352,,250,80
candonga,11,3,2885324,,2.14,3.979,0.887,7.352,,250,80
candonga,12,1,3642900,,0.8,4.133,1.093,6.978,,30,75
candonga,12,1,3624944,,0.8,4.133,1.093,6.978,,30,75
candonga,12,1,3554300,,0.8,4.133,1.093,6.978,,30,75
candonga,12,2,3390864,,1.12,4.129,1.208,8.112,,30,75
candonga,12,2,3358700,,1.12,4.129,1.208,8.112,,30,75
candonga,12,2,3489964,,1.12,4.129,1.208,8.112,,30,75
candonga,12,3,2211432,,2.02,3.671,0.995,7.707,,30,75
candonga,12,3,2252384,,2.02,3.671,0.995,7.707,,30,75
candonga,12,3,2239088,,2.02,3.671,0.995,7.707,,30,75
candonga,13,1,3418484,,1.47,3.723,0.746,7.372,,125,83
candonga,13,1,3403256,,1.47,3.723,0.746,7.372,,125,83
candonga,13,1,3369580,,1.47,3.723,0.746,7.372,,125,83
candonga,13,2,4403544,,0.8,3.547,0.853,7.604,,125,83
candonga,13,2,4371328,,0.8,3.547,0.853,7.604,,125,83
candonga,13,2,4458636,,0.8,3.547,0.853,7.604,,125,83
candonga,13,3,3819172,,0.54,3.554,0.933,7.62,,125,83
candonga,13,3,3705364,,0.54,3.554,0.933,7.62,,125,83
candonga,13,3,3782376,,0.54,3.554,0.933,7.62,,125,83
candonga,14,1,4603868,,0.62,3.758,0.942,8.971,,25,80
candonga,14,1,4478760,,0.62,3.758,0.942,8.971,,25,80
candonga,14,1,4487712,,0.62,3.758,0.942,8.971,,25,80
candonga,14,2,3068820,,1.68,3.282,1.084,8.331,,25,80
candonga,14,2,3046872,,1.68,3.282,1.084,8.331,,25,80
candonga,14,2,3059508,,1.68,3.282,1.084,8.331,,25,80
candonga,14,3,5186276,,0.57,3.611,0.96,8.799,,25,80
candonga,14,3,5017956,,0.57,3.611,0.96,8.799,,25,80
candonga,14,3,5028072,,0.57,3.611,0.96,8.799,,25,80
candonga,15,1,4335564,,0.71,4.229,0.968,8.077,,300,90
candonga,15,1,4307288,,0.71,4.229,0.968,8.077,,300,90
candonga,15,1,4259788,,0.71,4.229,0.968,8.077,,300,90
candonga,15,2,2947248,,1.88,4.071,0.838,8.036,,300,90
candonga,15,2,2858304,,1.88,4.071,0.838,8.036,,300,90
candonga,15,2,2839448,,1.88,4.071,0.838,8.036,,300,90
candonga,15,3,3817536,,0.78,4.054,0.87,8.254,,300,90
candonga,15,3,3957916,,0.78,4.054,0.87,8.254,,300,90
candonga,15,3,3956132,,0.78,4.054,0.87,8.254,,300,90
candonga,16,1,4788908,,0.58,3.86,0.741,7.412,,90,60
candonga,16,1,4750352,,0.58,3.86,0.741,7.412,,90,60
candonga,16,1,4698336,,0.58,3.86,0.741,7.412,,90,60
candonga,16,2,4509828,,0.6,3.975,0.969,7.614,,90,60
candonga,16,2,4698664,,0.6,3.975,0.969,7.614,,90,60
candonga,16,2,4583372,,0.6,3.975,0.969,7.614,,90,60
candonga,16,3,3861184,,1.42,3.729,0.759,8.08,,90,60
candonga,16,3,3780144,,1.42,3.729,0.759,8.08,,90,60
candonga,16,3,3804748,,1.42,3.729,0.759,8.08,,90,60
candonga,17,1,3310988,,0.85,3.588,0.853,6.081,,50,114
candonga,17,1,3264632,,0.85,3.588,0.853,6.081,,50,114
candonga,17,1,3377064,,0.85,3.588,0.853,6.081,,50,114
candonga,17,2,2569788,,1.47,3.662,0.791,6.427,,50,114
candonga,17,2,2612972,,1.47,3.662,0.791,6.427,,50,114
candonga,17,2,2594896,,1.47,3.662,0.791,6.427,,50,114
candonga,17,3,3611988,,0.4,3.752,0.95,5.887,,50,114
candonga,17,3,3609784,,0.4,3.752,0.95,5.887,,50,114
candonga,17,3,3674700,,0.4,3.752,0.95,5.887,,50,114
candonga,18,1,3080812,,1.06,3.558,0.853,6.265,,49,70
candonga,18,1,3089916,,1.06,3.558,0.853,6.265,,49,70
candonga,18,1,3097104,,1.06,3.558,0.853,6.265,,49,70
candonga,18,2,2940960,,1.04,3.724,0.783,6.307,,49,70
candonga,18,2,2882428,,1.04,3.724,0.783,6.307,,49,70
candonga,18,2,2925528,,1.04,3.724,0.783,6.307,,49,70
candonga,18,3,2474356,,1.03,3.893,0.845,6.52,,49,70
candonga,18,3,2502404,,1.03,3.893,0.845,6.52,,49,70
candonga,18,3,2599188,,1.03,3.893,0.845,6.52,,49,70
candonga,19,1,2492828,,1.27,3.532,0.754,5.679,,20,65
candonga,19,1,2480832,,1.27,3.532,0.754,5.679,,20,65
candonga,19,1,2487096,,1.27,3.532,0.754,5.679,,20,65
candonga,19,2,2998328,,1.16,3.765,0.897,6.541,,20,65
candonga,19,2,2900488,,1.16,3.765,0.897,6.541,,20,65
candonga,19,2,2941700,,1.16,3.765,0.897,6.541,,20,65
candonga,19,3,2845592,,1.15,3.506,0.981,5.973,,20,65
candonga,19,3,2831004,,1.15,3.506,0.981,5.973,,20,65
candonga,19,3,2858652,,1.15,3.506,0.981,5.973,,20,65
candonga,20,1,4212680,,0.58,3.402,0.904,6.117,,30,78
candonga,20,1,4383652,,0.58,3.402,0.904,6.117,,30,78
candonga,20,1,4467000,,0.58,3.402,0.904,6.117,,30,78
candonga,20,2,3039988,,1.92,3.837,0.934,7.011,,30,78
candonga,20,2,3007412,,1.92,3.837,0.934,7.011,,30,78
candonga,20,2,3060580,,1.92,3.837,0.934,7.011,,30,78
candonga,20,3,3073244,,1.07,3.327,0.808,6.573,,30,78
candonga,20,3,3161204,,1.07,3.327,0.808,6.573,,30,78
candonga,20,3,3102576,,1.07,3.327,0.808,6.573,,30,78
