"","X","pob","indiv","fruto","tiempo","sv","masa","l_cipsela","a_cisela","l_papus","altura_sitio","capitulos","altura_planta","prob_germ","germ","area_p","vol_c","pl_m","pl_v"
"1",0,"cb",1,1,2.264996,0.971304143583477,2.32,4.071,1.029,7.242,960,250,110,0.986030175137359,1,164.765740168427,1.69274577153375,0.0140805970806094,0.0102736513658931
"2",1,"cb",1,1,2.236164,0.983827662014056,2.32,4.071,1.029,7.242,960,250,110,0.986030175137359,1,164.765740168427,1.69274577153375,0.0140805970806094,0.0102736513658931
"3",2,"cb",1,1,2.275828,0.966681137590363,2.32,4.071,1.029,7.242,960,250,110,0.986030175137359,1,164.765740168427,1.69274577153375,0.0140805970806094,0.0102736513658931
"4",3,"cb",1,2,2.706264,0.812928819952525,2.19,3.822,0.936,7.515,960,250,110,0.974570913835723,1,177.422151969831,1.31492888586668,0.0123434417612768,0.00741130051274696
"5",4,"cb",1,2,2.744892,0.801488728882594,2.19,3.822,0.936,7.515,960,250,110,0.974570913835723,1,177.422151969831,1.31492888586668,0.0123434417612768,0.00741130051274696
"6",5,"cb",1,2,2.67834,0.821404302665084,2.19,3.822,0.936,7.515,960,250,110,0.974570913835723,1,177.422151969831,1.31492888586668,0.0123434417612768,0.00741130051274696
"7",6,"cb",1,3,2.121188,1.03715465107289,2.14,4.071,1.108,6.976,960,250,110,0.968053517893261,1,152.884274451662,1.96263938104419,0.013997515491213,0.0128374182896405
"8",7,"cb",1,3,2.152384,1.02212244655229,2.14,4.071,1.108,6.976,960,250,110,0.968053517893261,1,152.884274451662,1.96263938104419,0.013997515491213,0.0128374182896405
"9",8,"cb",1,3,2.168296,1.01462161992643,2.14,4.071,1.108,6.976,960,55,84,0.968053517893261,1,152.884274451662,1.96263938104419,0.013997515491213,0.0128374182896405
"10",9,"cm",1,1,4.326924,0.508444335976319,0.7,3.621,1.002,6.761,1170,38,66,0.03378821973547,0,143.605721920954,1.4276569161839,0.00487445758174807,0.00994150439889671
"11",10,"cm",1,1,4.335888,0.507393179897636,0.7,3.621,1.002,6.761,1170,38,66,0.03378821973547,0,143.605721920954,1.4276569161839,0.00487445758174807,0.00994150439889671
"12",11,"cm",1,1,4.373372,0.50304433283974,0.7,3.621,1.002,6.761,1170,38,66,0.03378821973547,0,143.605721920954,1.4276569161839,0.00487445758174807,0.00994150439889671
"13",12,"cm",1,2,4.40674,0.49923526234813,0.56,3.65,0.987,6.871,1170,38,66,0.0177941671331206,0,148.316602936865,1.39632674177568,0.00377570675778206,0.00941450056248971
"14",13,"cm",1,2,4.3208,0.509164969450102,0.56,3.65,0.987,6.871,1170,38,66,0.0177941671331206,0,148.316602936865,1.39632674177568,0.00377570675778206,0.00941450056248971
"15",14,"cm",1,2,4.571604,0.481231532739931,0.56,3.65,0.987,6.871,1170,38,66,0.0177941671331206,0,148.316602936865,1.39632674177568,0.00377570675778206,0.00941450056248971
"16",15,"cm",1,3,3.629012,0.606225606308273,0.91,3.709,0.918,6.859,1170,38,66,0.0857410756767458,0,147.79899413126,1.22744511389259,0.00615701077905735,0.00830482724938236
"17",16,"cm",1,3,3.617328,0.608183720138179,0.91,3.709,0.918,6.859,1170,38,66,0.0857410756767458,0,147.79899413126,1.22744511389259,0.00615701077905735,0.00830482724938236
"18",17,"cm",1,3,3.640764,0.604268774356152,0.91,3.709,0.918,6.859,1170,38,66,0.0857410756767458,0,147.79899413126,1.22744511389259,0.00615701077905735,0.00830482724938236
"19",18,"ca",1,1,2.209056,0.995900511349645,2.51,4.24,1.05,7.502,1350,477,67,0.994230163597393,1,176.808847110404,1.83571112730886,0.0141961222021469,0.0103824619486523
"20",19,"ca",1,1,2.185904,1.00644859060599,2.51,4.24,1.05,7.502,1350,477,67,0.994230163597393,1,176.808847110404,1.83571112730886,0.0141961222021469,0.0103824619486523
"21",20,"ca",1,1,2.18426,1.00720610183769,2.51,4.24,1.05,7.502,1350,477,67,0.994230163597393,1,176.808847110404,1.83571112730886,0.0141961222021469,0.0103824619486523
"22",21,"ca",1,2,3.840208,0.572885635361418,1.08,4.001,1.122,7.493,1350,477,67,0.172473795058663,0,176.384873473839,1.97794472565163,0.00612297403246534,0.011213800178534
"23",22,"ca",1,2,3.871796,0.568211754958164,1.08,4.001,1.122,7.493,1350,477,67,0.172473795058663,0,176.384873473839,1.97794472565163,0.00612297403246534,0.011213800178534
"24",23,"ca",1,2,3.894664,0.564875429562088,1.08,4.001,1.122,7.493,1350,477,67,0.172473795058663,0,176.384873473839,1.97794472565163,0.00612297403246534,0.011213800178534
"25",24,"ca",1,3,2.496596,0.881199841704465,2.46,4.092,0.877,7.516,1350,477,67,0.99271370170748,1,177.469373249007,1.23593234321615,0.0138615466712016,0.00696420075525946
"26",25,"ca",1,3,2.557196,0.860317316310522,2.46,4.092,0.877,7.516,1350,477,67,0.99271370170748,1,177.469373249007,1.23593234321615,0.0138615466712016,0.00696420075525946
"27",26,"ca",1,3,2.469232,0.89096528799238,2.46,4.092,0.877,7.516,1350,477,67,0.99271370170748,1,177.469373249007,1.23593234321615,0.0138615466712016,0.00696420075525946
"28",27,"cabal",1,1,2.669832,0.824021886021293,2.08,4.08,1,8.4,NA,1200,65,0.958088154555519,1,221.670777637296,1.60221225333079,0.00938328462673306,0.00722789115646259
"29",28,"cabal",1,1,2.713284,0.810825553093594,2.08,4.08,1,8.4,NA,1200,65,0.958088154555519,1,221.670777637296,1.60221225333079,0.00938328462673306,0.00722789115646259
"30",29,"cabal",1,1,2.660596,0.826882397778543,2.08,4.08,1,8.4,NA,1200,65,0.958088154555519,1,221.670777637296,1.60221225333079,0.00938328462673306,0.00722789115646259
"31",30,"cabal",1,2,2.439672,0.901760564534905,1.52,4.15,0.97,8.27,NA,1200,65,0.622161749865811,1,214.862632197701,1.53338584877687,0.00707428734560695,0.00713658691179932
"32",31,"cabal",1,2,2.43076,0.905066728101499,1.52,4.15,0.97,8.27,NA,1200,65,0.622161749865811,1,214.862632197701,1.53338584877687,0.00707428734560695,0.00713658691179932
"33",32,"cabal",1,2,2.43932,0.901890690848269,1.52,4.15,0.97,8.27,NA,1200,65,0.622161749865811,1,214.862632197701,1.53338584877687,0.00707428734560695,0.00713658691179932
"34",36,"candonga",1,1,3.189688,0.689722631178974,0.82,3.473,1.068,7.633,NA,35,120,0.0578907942295507,0,183.037635740787,1.55563309684352,0.00447995297077188,0.00849897940687221
"35",37,"candonga",1,1,3.092772,0.711335979503177,0.82,3.473,1.068,7.633,NA,35,120,0.0578907942295507,0,183.037635740787,1.55563309684352,0.00447995297077188,0.00849897940687221
"36",38,"candonga",1,1,3.128504,0.70321150300591,0.82,3.473,1.068,7.633,NA,35,120,0.0578907942295507,0,183.037635740787,1.55563309684352,0.00447995297077188,0.00849897940687221
"37",39,"candonga",1,2,3.85996,0.569954092788526,1.01,3.13,0.901,7.666,NA,35,120,0.130445540964109,0,184.623722199027,0.997823677605192,0.00547058627120087,0.00540463417008528
"38",40,"candonga",1,2,4.00152,0.549791079389832,1.01,3.13,0.901,7.666,NA,35,120,0.130445540964109,0,184.623722199027,0.997823677605192,0.00547058627120087,0.00540463417008528
"39",41,"candonga",1,2,4.053072,0.542798154091514,1.01,3.13,0.901,7.666,NA,35,120,0.130445540964109,0,184.623722199027,0.997823677605192,0.00547058627120087,0.00540463417008528
"40",42,"candonga",1,3,2.829724,0.777460982060441,2.18,3.051,0.985,7.582,NA,35,120,0.973380420720257,1,180.599869797344,1.16245072941703,0.012070883564015,0.00643660890077855
"41",43,"candonga",1,3,2.705064,0.81328944527745,2.18,3.051,0.985,7.582,NA,35,120,0.973380420720257,1,180.599869797344,1.16245072941703,0.012070883564015,0.00643660890077855
"42",44,"candonga",1,3,2.772508,0.793505374916862,2.18,3.051,0.985,7.582,NA,35,120,0.973380420720257,1,180.599869797344,1.16245072941703,0.012070883564015,0.00643660890077855
"43",45,"cb",2,1,2.137664,1.02916080356876,2.73,4.243,0.936,6.419,960,55,84,0.997939593992702,1,129.444804539339,1.45977060772692,0.0210900700859751,0.0112771664565594
"44",46,"cb",2,1,2.135636,1.03013809469404,2.73,4.243,0.936,6.419,960,55,84,0.997939593992702,1,129.444804539339,1.45977060772692,0.0210900700859751,0.0112771664565594
"45",47,"cb",2,1,2.150616,1.02296272323837,2.73,4.243,0.936,6.419,960,55,84,0.997939593992702,1,129.444804539339,1.45977060772692,0.0210900700859751,0.0112771664565594
"46",48,"cb",2,2,2.77034,0.794126352722049,0.92,4.093,1.144,6.528,960,55,84,0.0894958547064103,0,133.878292348716,2.10355406810515,0.00687191316724936,0.0157124357593834
"47",49,"cb",2,2,2.757864,0.797718814270755,0.92,4.093,1.144,6.528,960,55,84,0.0894958547064103,0,133.878292348716,2.10355406810515,0.00687191316724936,0.0157124357593834
"48",50,"cb",2,2,2.7171,0.809686798424791,0.92,4.093,1.144,6.528,960,55,84,0.0894958547064103,0,133.878292348716,2.10355406810515,0.00687191316724936,0.0157124357593834
"49",51,"cb",2,3,3.063228,0.718196621341931,1.52,4.49,0.977,6.831,960,55,84,0.622161749865811,1,146.594758835286,1.68304355127906,0.0103687199465833,0.0114809258165234
"50",52,"cb",2,3,3.081296,0.713985284114217,1.52,4.49,0.977,6.831,960,55,84,0.622161749865811,1,146.594758835286,1.68304355127906,0.0103687199465833,0.0114809258165234
"51",53,"cb",2,3,3.045636,0.722345020875771,1.52,4.49,0.977,6.831,960,55,84,0.622161749865811,1,146.594758835286,1.68304355127906,0.0103687199465833,0.0114809258165234
"52",54,"cm",2,1,2.179892,1.00922431019518,2.1,4.407,0.887,6.117,1170,180,104,0.961702577435521,1,117.551136876708,1.36160198500637,0.0178645656332747,0.0115830609654968
"53",55,"cm",2,1,2.14716,1.02460925129008,2.1,4.407,0.887,6.117,1170,180,104,0.961702577435521,1,117.551136876708,1.36160198500637,0.0178645656332747,0.0115830609654968
"54",56,"cm",2,1,2.160968,1.01806227579492,2.1,4.407,0.887,6.117,1170,180,104,0.961702577435521,1,117.551136876708,1.36160198500637,0.0178645656332747,0.0115830609654968
"55",57,"cm",2,2,2.318616,0.948841895337563,2.12,4.355,1.046,6.402,1170,180,104,0.965016678627944,1,128.76007242934,1.87116210759504,0.0164647313410249,0.0145321610363483
"56",58,"cm",2,2,2.351184,0.935698779848791,2.12,4.355,1.046,6.402,1170,180,104,0.965016678627944,1,128.76007242934,1.87116210759504,0.0164647313410249,0.0145321610363483
"57",59,"cm",2,2,2.350584,0.93593762231003,2.12,4.355,1.046,6.402,1170,180,104,0.965016678627944,1,128.76007242934,1.87116210759504,0.0164647313410249,0.0145321610363483
"58",60,"cm",2,3,2.327096,0.945384290119531,1.54,4.188,0.993,6.613,1170,180,104,0.6439810287669,1,137.387404218886,1.62167960816005,0.0112091789546185,0.0118036993083907
"59",61,"cm",2,3,2.324176,0.946572032410626,1.54,4.188,0.993,6.613,1170,180,104,0.6439810287669,1,137.387404218886,1.62167960816005,0.0112091789546185,0.0118036993083907
"60",62,"cm",2,3,2.3412,0.939689048351273,1.54,4.188,0.993,6.613,1170,180,104,0.6439810287669,1,137.387404218886,1.62167960816005,0.0112091789546185,0.0118036993083907
"61",63,"ca",2,1,4.609228,0.477303357525382,0.71,3.919,1.037,7.134,1350,1925,86,0.0353558584113133,0,159.888078281722,1.65497966522733,0.00444060625176183,0.0103508634478129
"62",64,"ca",2,1,4.43876,0.49563391577828,0.71,3.919,1.037,7.134,1350,1925,86,0.0353558584113133,0,159.888078281722,1.65497966522733,0.00444060625176183,0.0103508634478129
"63",65,"ca",2,1,4.406496,0.499262906400006,0.71,3.919,1.037,7.134,1350,1925,86,0.0353558584113133,0,159.888078281722,1.65497966522733,0.00444060625176183,0.0103508634478129
"64",66,"ca",2,2,3.309456,0.664761821882509,1.85,4.089,1.051,7.179,1350,1925,86,0.885839551947081,1,161.91153098601,1.77370923942654,0.0114259928785421,0.0109548049396173
"65",67,"ca",2,2,3.422504,0.642804215860668,1.85,4.089,1.051,7.179,1350,1925,86,0.885839551947081,1,161.91153098601,1.77370923942654,0.0114259928785421,0.0109548049396173
"66",68,"ca",2,2,3.30212,0.666238658801013,1.85,4.089,1.051,7.179,1350,1925,86,0.885839551947081,1,161.91153098601,1.77370923942654,0.0114259928785421,0.0109548049396173
"67",69,"ca",2,3,4.24121,0.518719893615265,0.96,4.024,1.049,6.488,1350,1925,86,0.106034423935253,0,132.242653549551,1.73887688389424,0.00725938246271118,0.0131491378705789
"68",70,"ca",2,3,4.087652,0.538206285662282,0.96,4.024,1.049,6.488,1350,1925,86,0.106034423935253,0,132.242653549551,1.73887688389424,0.00725938246271118,0.0131491378705789
"69",71,"ca",2,3,4.110244,0.53524802907078,0.96,4.024,1.049,6.488,1350,1925,86,0.106034423935253,0,132.242653549551,1.73887688389424,0.00725938246271118,0.0131491378705789
"70",72,"cabal",2,1,3.422472,0.642810226058825,2.05,4.03,1.08,8.89,NA,1170,86,0.952049340009019,1,248.286664757774,1.84591816184037,0.00825658519357034,0.0074346246651677
"71",73,"cabal",2,1,3.402336,0.646614561289655,2.05,4.03,1.08,8.89,NA,1170,86,0.952049340009019,1,248.286664757774,1.84591816184037,0.00825658519357034,0.0074346246651677
"72",74,"cabal",2,1,3.430676,0.641273031903916,2.05,4.03,1.08,8.89,NA,1170,86,0.952049340009019,1,248.286664757774,1.84591816184037,0.00825658519357034,0.0074346246651677
"73",75,"cabal",2,2,3.036392,0.724544130006929,2.31,4.7,0.86,9.22,NA,1170,86,0.985368106536802,1,267.061764933423,1.36506913187457,0.00864968446747094,0.00511143604632013
"74",76,"cabal",2,2,3.005784,0.731922187356111,2.31,4.7,0.86,9.22,NA,1170,86,0.985368106536802,1,267.061764933423,1.36506913187457,0.00864968446747094,0.00511143604632013
"75",77,"cabal",2,2,2.983636,0.737355361042701,2.31,4.7,0.86,9.22,NA,1170,86,0.985368106536802,1,267.061764933423,1.36506913187457,0.00864968446747094,0.00511143604632013
"76",78,"cabal",2,3,3.072272,0.716082430201493,1.95,4.33,0.96,9.13,NA,1170,86,0.925441551814415,1,261.873424666019,1.56707668109305,0.00744634551019042,0.0059840996966058
"77",79,"cabal",2,3,3.071212,0.716329579332199,1.95,4.33,0.96,9.13,NA,1170,86,0.925441551814415,1,261.873424666019,1.56707668109305,0.00744634551019042,0.0059840996966058
"78",80,"cabal",2,3,3.05896,0.719198681904961,1.95,4.33,0.96,9.13,NA,1170,86,0.925441551814415,1,261.873424666019,1.56707668109305,0.00744634551019042,0.0059840996966058
"79",81,"candonga",2,1,5.906064,0.372498503233287,0.72,3.129,0.704,7.883,NA,25,115,0.0369934445670317,0,195.223873644062,0.608990849527285,0.00368807352584719,0.00311944865225662
"80",82,"candonga",2,1,5.95036,0.369725529211678,0.72,3.129,0.704,7.883,NA,25,115,0.0369934445670317,0,195.223873644062,0.608990849527285,0.00368807352584719,0.00311944865225662
"81",83,"candonga",2,1,5.549412,0.396438397437422,0.72,3.129,0.704,7.883,NA,25,115,0.0369934445670317,0,195.223873644062,0.608990849527285,0.00368807352584719,0.00311944865225662
"82",84,"candonga",2,2,3.165832,0.69492000838958,1.09,3.316,0.862,6.482,NA,25,115,0.179281968690132,0,131.998174809249,0.967584581467152,0.00825768993832806,0.00733028758060795
"83",85,"candonga",2,2,3.112188,0.706898169390795,1.09,3.316,0.862,6.482,NA,25,115,0.179281968690132,0,131.998174809249,0.967584581467152,0.00825768993832806,0.00733028758060795
"84",86,"candonga",2,2,3.150988,0.698193709401623,1.09,3.316,0.862,6.482,NA,25,115,0.179281968690132,0,131.998174809249,0.967584581467152,0.00825768993832806,0.00733028758060795
"85",87,"candonga",2,3,5.473044,0.401970091963449,0.6,3.122,0.902,7.541,NA,25,115,0.0213938135395164,0,178.651947263634,0.997483819326528,0.00335848564311806,0.00558339181075118
"86",88,"candonga",2,3,5.475076,0.401820906230343,0.6,3.122,0.902,7.541,NA,25,115,0.0213938135395164,0,178.651947263634,0.997483819326528,0.00335848564311806,0.00558339181075118
"87",89,"candonga",2,3,5.667408,0.388184510449927,0.6,3.122,0.902,7.541,NA,25,115,0.0213938135395164,0,178.651947263634,0.997483819326528,0.00335848564311806,0.00558339181075118
"88",90,"cb",3,1,2.296052,0.958166452676159,1.96,3.94,1.185,6.925,960,25,81,0.928618766577137,1,150.657039198307,2.17266519991366,0.0130096808647626,0.0144212657534961
"89",91,"cb",3,1,2.292712,0.959562300018494,1.96,3.94,1.185,6.925,960,25,81,0.928618766577137,1,150.657039198307,2.17266519991366,0.0130096808647626,0.0144212657534961
"90",92,"cb",3,1,2.280708,0.964612743060488,1.96,3.94,1.185,6.925,960,25,81,0.928618766577137,1,150.657039198307,2.17266519991366,0.0130096808647626,0.0144212657534961
"91",93,"cb",3,2,2.124088,1.03573863229772,1.91,4.11,1.238,6.725,960,25,81,0.911394745299226,1,142.080491254007,2.47367703353505,0.0134430841499933,0.0174103918961872
"92",94,"cb",3,2,2.093864,1.05068906098963,1.91,4.11,1.238,6.725,960,25,81,0.911394745299226,1,142.080491254007,2.47367703353505,0.0134430841499933,0.0174103918961872
"93",95,"cb",3,2,2.053328,1.07143135436715,1.91,4.11,1.238,6.725,960,25,81,0.911394745299226,1,142.080491254007,2.47367703353505,0.0134430841499933,0.0174103918961872
"94",96,"cb",3,3,2.150596,1.0229722365335,2.31,3.966,1.005,6.749,960,25,81,0.985368106536802,1,143.096406919954,1.57305793971126,0.0161429629836351,0.0109929939791654
"95",97,"cb",3,3,2.163896,1.01668472052261,2.31,3.966,1.005,6.749,960,25,81,0.985368106536802,1,143.096406919954,1.57305793971126,0.0161429629836351,0.0109929939791654
"96",98,"cb",3,3,2.148064,1.02417805056088,2.31,3.966,1.005,6.749,960,25,81,0.985368106536802,1,143.096406919954,1.57305793971126,0.0161429629836351,0.0109929939791654
"97",99,"cm",3,1,2.116408,1.03949711019803,1.93,4.459,1.053,6.155,1170,60,81,0.918694224294454,1,119.016174628412,1.94157468303751,0.0162162832575133,0.0163135362827735
"98",100,"cm",3,1,2.115968,1.03971326598512,1.93,4.459,1.053,6.155,1170,60,81,0.918694224294454,1,119.016174628412,1.94157468303751,0.0162162832575133,0.0163135362827735
"99",101,"cm",3,1,2.096028,1.04960429917921,1.93,4.459,1.053,6.155,1170,60,81,0.918694224294454,1,119.016174628412,1.94157468303751,0.0162162832575133,0.0163135362827735
"100",102,"cm",3,2,2.373168,0.927030871813542,1.86,4.167,0.916,6.995,1170,60,81,0.890504686014999,1,153.718207079965,1.37301200173108,0.0121000630656095,0.00893200634988435
"101",103,"cm",3,2,2.679336,0.82109895884652,1.86,4.167,0.916,6.995,1170,60,81,0.890504686014999,1,153.718207079965,1.37301200173108,0.0121000630656095,0.00893200634988435
"102",104,"cm",3,2,2.654916,0.828651452625996,1.86,4.167,0.916,6.995,1170,60,81,0.890504686014999,1,153.718207079965,1.37301200173108,0.0121000630656095,0.00893200634988435
"103",105,"cm",3,3,2.194856,1.00234366172542,2.04,4.297,0.95,6.33,1170,60,81,0.949858719589242,1,125.880161877424,1.52290372853862,0.0162058895506224,0.0120980439318274
"104",106,"cm",3,3,2.233856,0.984844143937658,2.04,4.297,0.95,6.33,1170,60,81,0.949858719589242,1,125.880161877424,1.52290372853862,0.0162058895506224,0.0120980439318274
"105",107,"cm",3,3,2.21676,0.992439416084736,2.04,4.297,0.95,6.33,1170,60,81,0.949858719589242,1,125.880161877424,1.52290372853862,0.0162058895506224,0.0120980439318274
"106",108,"ca",3,1,2.25572,0.975298352632419,1.93,3.258,1.084,6.833,1350,54,53,0.918694224294454,1,146.680612279323,1.50338263676703,0.0131578398126994,0.0102493616123182
"107",109,"ca",3,1,2.25936,0.973727073153459,1.93,3.258,1.084,6.833,1350,54,53,0.918694224294454,1,146.680612279323,1.50338263676703,0.0131578398126994,0.0102493616123182
"108",110,"ca",3,1,2.257444,0.974553521593448,1.93,3.258,1.084,6.833,1350,54,53,0.918694224294454,1,146.680612279323,1.50338263676703,0.0131578398126994,0.0102493616123182
"109",111,"ca",3,2,2.7961,0.786810199921319,1.52,3.512,0.89,7.016,1350,54,53,0.622161749865811,1,154.642561028023,1.09243198245882,0.00982911812825291,0.00706423881754556
"110",112,"ca",3,2,2.861324,0.768874828575862,1.52,3.512,0.89,7.016,1350,54,53,0.622161749865811,1,154.642561028023,1.09243198245882,0.00982911812825291,0.00706423881754556
"111",113,"ca",3,2,2.819764,0.780207137902321,1.52,3.512,0.89,7.016,1350,54,53,0.622161749865811,1,154.642561028023,1.09243198245882,0.00982911812825291,0.00706423881754556
"112",114,"ca",3,3,2.412324,0.911983630722905,1.94,3.548,1.093,7.061,1350,54,53,0.922134775719325,1,156.63265001833,1.66450008151516,0.0123856679930588,0.010626775971168
"113",115,"ca",3,3,2.456772,0.89548399281659,1.94,3.548,1.093,7.061,1350,54,53,0.922134775719325,1,156.63265001833,1.66450008151516,0.0123856679930588,0.010626775971168
"114",116,"ca",3,3,2.41322,0.911645022003796,1.94,3.548,1.093,7.061,1350,54,53,0.922134775719325,1,156.63265001833,1.66450008151516,0.0123856679930588,0.010626775971168
"115",117,"cabal",3,1,2.27834,0.965615316414583,2.01,3.41,0.98,6.45,NA,1230,69,0.942705085498708,1,130.698108370969,1.28607535539638,0.0153789524963504,0.00984004567033231
"116",118,"cabal",3,1,2.24672,0.979205241418602,2.01,3.41,0.98,6.45,NA,1230,69,0.942705085498708,1,130.698108370969,1.28607535539638,0.0153789524963504,0.00984004567033231
"117",119,"cabal",3,1,2.255856,0.975239554297792,2.01,3.41,0.98,6.45,NA,1230,69,0.942705085498708,1,130.698108370969,1.28607535539638,0.0153789524963504,0.00984004567033231
"118",120,"cabal",3,2,2.815292,0.7814464716271,1.3,3.25,1.02,6.36,NA,1230,69,0.369414187448945,0,127.076166200646,1.3278334049479,0.0102300851439551,0.0104491144535422
"119",121,"cabal",3,2,2.836136,0.775703280801767,1.3,3.25,1.02,6.36,NA,1230,69,0.369414187448945,0,127.076166200646,1.3278334049479,0.0102300851439551,0.0104491144535422
"120",122,"cabal",3,2,2.77996,0.791378293212852,1.3,3.25,1.02,6.36,NA,1230,69,0.369414187448945,0,127.076166200646,1.3278334049479,0.0102300851439551,0.0104491144535422
"121",123,"cabal",3,3,2.32126,0.947761129731267,2,3.3,0.97,6.31,NA,1230,69,0.940114426085325,1,125.085967254597,1.21931886770209,0.0159890037539483,0.00974784697647434
"122",124,"cabal",3,3,2.372592,0.927255929380189,2,3.3,0.97,6.31,NA,1230,69,0.940114426085325,1,125.085967254597,1.21931886770209,0.0159890037539483,0.00974784697647434
"123",125,"cabal",3,3,2.328808,0.944689300277223,2,3.3,0.97,6.31,NA,1230,69,0.940114426085325,1,125.085967254597,1.21931886770209,0.0159890037539483,0.00974784697647434
"124",126,"candonga",3,1,3.99546,0.550624959328838,0.76,4.693,1.134,7.258,NA,50,135,0.0443018016507747,0,165.49458966406,2.3699356232512,0.00459229514114472,0.0143203208519503
"125",127,"candonga",3,1,4.006444,0.549115375130665,0.76,4.693,1.134,7.258,NA,50,135,0.0443018016507747,0,165.49458966406,2.3699356232512,0.00459229514114472,0.0143203208519503
"126",128,"candonga",3,1,4.003324,0.549543329493191,0.76,4.693,1.134,7.258,NA,50,135,0.0443018016507747,0,165.49458966406,2.3699356232512,0.00459229514114472,0.0143203208519503
"127",129,"candonga",3,2,4.124124,0.533446617996937,1.04,4.27,0.906,7.072,NA,50,135,0.147279694933174,0,157.121051437035,1.37639839042583,0.00661910030825357,0.0087601144330263
"128",130,"candonga",3,2,4.003976,0.549453842880177,1.04,4.27,0.906,7.072,NA,50,135,0.147279694933174,0,157.121051437035,1.37639839042583,0.00661910030825357,0.0087601144330263
"129",131,"candonga",3,2,4.010956,0.54849766489585,1.04,4.27,0.906,7.072,NA,50,135,0.147279694933174,0,157.121051437035,1.37639839042583,0.00661910030825357,0.0087601144330263
"130",132,"candonga",3,3,2.486908,0.884632644231311,2.6,4.25,0.892,7.259,NA,50,135,0.996211940010555,1,165.540196164612,1.32794021909812,0.0157061551226784,0.00802185964415328
"131",133,"candonga",3,3,2.428492,0.905911981591869,2.6,4.25,0.892,7.259,NA,50,135,0.996211940010555,1,165.540196164612,1.32794021909812,0.0157061551226784,0.00802185964415328
"132",134,"candonga",3,3,2.4044,0.914989186491432,2.6,4.25,0.892,7.259,NA,50,135,0.996211940010555,1,165.540196164612,1.32794021909812,0.0157061551226784,0.00802185964415328
"133",135,"cb",4,1,2.15506,1.0208532477054,2.07,3.574,1.149,6.786,960,150,101,0.956160713045509,1,144.669700812909,1.85291070855855,0.014308455663961,0.0128078699143423
"134",136,"cb",4,1,2.165408,1.01597481860231,2.07,3.574,1.149,6.786,960,150,101,0.956160713045509,1,144.669700812909,1.85291070855855,0.014308455663961,0.0128078699143423
"135",137,"cb",4,1,2.131256,1.03225515846055,2.07,3.574,1.149,6.786,960,150,101,0.956160713045509,1,144.669700812909,1.85291070855855,0.014308455663961,0.0128078699143423
"136",138,"cb",4,2,2.285756,0.962482434695567,1.88,3.761,1.049,6.314,960,150,101,0.899335046843961,1,125.244605117232,1.62522762433555,0.0150106265913831,0.0129764281887774
"137",139,"cb",4,2,2.287336,0.961817590419597,1.88,3.761,1.049,6.314,960,150,101,0.899335046843961,1,125.244605117232,1.62522762433555,0.0150106265913831,0.0129764281887774
"138",140,"cb",4,2,2.24116,0.981634510699816,1.88,3.761,1.049,6.314,960,150,101,0.899335046843961,1,125.244605117232,1.62522762433555,0.0150106265913831,0.0129764281887774
"139",141,"cb",4,3,2.076288,1.05958325627273,2.14,3.676,1.006,6.494,960,150,101,0.968053517893261,1,132.487358484524,1.46093653444208,0.0161524844670367,0.0110269881681786
"140",142,"cb",4,3,2.059056,1.0684507852142,2.14,3.676,1.006,6.494,960,150,101,0.968053517893261,1,132.487358484524,1.46093653444208,0.0161524844670367,0.0110269881681786
"141",143,"cb",4,3,2.065812,1.06495654009174,2.14,3.676,1.006,6.494,960,150,101,0.968053517893261,1,132.487358484524,1.46093653444208,0.0161524844670367,0.0110269881681786
"142",144,"cm",4,1,3.893452,0.565051270697571,0.64,3.492,0.925,6.127,1170,90,60,0.0257025901056839,0,117.935793481213,1.17332300601042,0.00542668159604955,0.00994882869209107
"143",145,"cm",4,1,3.842488,0.572545704762123,0.64,3.492,0.925,6.127,1170,90,60,0.0257025901056839,0,117.935793481213,1.17332300601042,0.00542668159604955,0.00994882869209107
"144",146,"cm",4,1,3.87652,0.567519321453262,0.64,3.492,0.925,6.127,1170,90,60,0.0257025901056839,0,117.935793481213,1.17332300601042,0.00542668159604955,0.00994882869209107
"145",147,"cm",4,2,4.383796,0.501848169942214,0.6,3.275,0.704,6.375,1170,90,60,0.0213938135395164,0,127.676288937298,0.637406529946263,0.00469938470951848,0.00499236416762784
"146",148,"cm",4,2,4.476344,0.491472505240884,0.6,3.275,0.704,6.375,1170,90,60,0.0213938135395164,0,127.676288937298,0.637406529946263,0.00469938470951848,0.00499236416762784
"147",149,"cm",4,2,4.330032,0.508079386018394,0.6,3.275,0.704,6.375,1170,90,60,0.0213938135395164,0,127.676288937298,0.637406529946263,0.00469938470951848,0.00499236416762784
"148",150,"cm",4,3,2.7487,0.800378360679594,0.75,3.864,0.763,6.245,1170,90,60,0.0423549259584868,0,122.522192029818,0.883376983263547,0.00612134004113697,0.00720993453209325
"149",151,"cm",4,3,2.68276,0.820050992261701,0.75,3.864,0.763,6.245,1170,90,60,0.0423549259584868,0,122.522192029818,0.883376983263547,0.00612134004113697,0.00720993453209325
"150",152,"cm",4,3,2.807032,0.783745963708287,0.75,3.864,0.763,6.245,1170,90,60,0.0423549259584868,0,122.522192029818,0.883376983263547,0.00612134004113697,0.00720993453209325
"151",153,"ca",4,1,4.42412,0.497274034158205,0.78,3.624,0.884,6.752,1350,572,66,0.0484543525139931,0,143.223650847202,1.11212244220276,0.00544602791079624,0.00776493571853732
"152",154,"ca",4,1,4.407748,0.499121093129644,0.78,3.624,0.884,6.752,1350,572,66,0.0484543525139931,0,143.223650847202,1.11212244220276,0.00544602791079624,0.00776493571853732
"153",155,"ca",4,1,4.470152,0.49215328695758,0.78,3.624,0.884,6.752,1350,572,66,0.0484543525139931,0,143.223650847202,1.11212244220276,0.00544602791079624,0.00776493571853732
"154",156,"ca",4,2,3.16806,0.694431292336635,1.82,3.628,0.877,7.073,1350,572,66,0.870794734881427,1,157.16548926512,1.09578752228451,0.0115801503784961,0.006972189170843
"155",157,"ca",4,2,3.157092,0.696843804361735,1.82,3.628,0.877,7.073,1350,572,66,0.870794734881427,1,157.16548926512,1.09578752228451,0.0115801503784961,0.006972189170843
"156",158,"ca",4,2,3.176048,0.692684745318711,1.82,3.628,0.877,7.073,1350,572,66,0.870794734881427,1,157.16548926512,1.09578752228451,0.0115801503784961,0.006972189170843
"157",159,"ca",4,3,2.982556,0.737622361491285,1.86,3.634,0.803,6.888,1350,572,66,0.890504686014999,1,149.051430883318,0.920186588489678,0.0124789140833949,0.0061736179454059
"158",160,"ca",4,3,2.966848,0.741527708868132,1.86,3.634,0.803,6.888,1350,572,66,0.890504686014999,1,149.051430883318,0.920186588489678,0.0124789140833949,0.0061736179454059
"159",161,"ca",4,3,3.112604,0.706803692342489,1.86,3.634,0.803,6.888,1350,572,66,0.890504686014999,1,149.051430883318,0.920186588489678,0.0124789140833949,0.0061736179454059
"160",162,"cabal",4,1,3.15736,0.696784655535004,1.02,3.68,1.164,6.825,NA,385,63,0.135867089031011,0,146.337349299621,1.95800440718997,0.00697019595395009,0.013380072938051
"161",163,"cabal",4,1,3.139668,0.700711030593044,1.02,3.68,1.164,6.825,NA,385,63,0.135867089031011,0,146.337349299621,1.95800440718997,0.00697019595395009,0.013380072938051
"162",164,"cabal",4,1,3.127348,0.703471439699068,1.02,3.68,1.164,6.825,NA,385,63,0.135867089031011,0,146.337349299621,1.95800440718997,0.00697019595395009,0.013380072938051
"163",165,"cabal",4,2,2.185468,1.00664937670101,1.93,3.533,0.948,6.555,NA,385,63,0.918694224294454,1,134.988031679263,1.24686719208852,0.0142975638357759,0.00923687216249758
"164",166,"cabal",4,2,2.176432,1.01082873253104,1.93,3.533,0.948,6.555,NA,385,63,0.918694224294454,1,134.988031679263,1.24686719208852,0.0142975638357759,0.00923687216249758
"165",167,"cabal",4,2,2.19334,1.00303646493476,1.93,3.533,0.948,6.555,NA,385,63,0.918694224294454,1,134.988031679263,1.24686719208852,0.0142975638357759,0.00923687216249758
"166",168,"cabal",4,3,2.107668,1.04380765851168,2.25,3.694,0.936,6.586,NA,385,63,0.980696141087444,1,136.267825420148,1.27089149774764,0.0165116012753758,0.00932642385558855
"167",169,"cabal",4,3,2.133992,1.03093169983768,2.25,3.694,0.936,6.586,NA,385,63,0.980696141087444,1,136.267825420148,1.27089149774764,0.0165116012753758,0.00932642385558855
"168",170,"cabal",4,3,2.132548,1.03162976870861,2.25,3.694,0.936,6.586,NA,385,63,0.980696141087444,1,136.267825420148,1.27089149774764,0.0165116012753758,0.00932642385558855
"169",171,"candonga",4,1,3.217132,0.683838897502496,2.19,4.756,0.937,8.214,NA,70,95,0.974570913835723,1,211.962615452802,1.63976236100511,0.0103320106487724,0.00773609231751642
"170",172,"candonga",4,1,3.190428,0.689562654289644,2.19,4.756,0.937,8.214,NA,70,95,0.974570913835723,1,211.962615452802,1.63976236100511,0.0103320106487724,0.00773609231751642
"171",173,"candonga",4,1,3.238352,0.679357895620983,2.19,4.756,0.937,8.214,NA,70,95,0.974570913835723,1,211.962615452802,1.63976236100511,0.0103320106487724,0.00773609231751642
"172",174,"candonga",4,2,3.243276,0.678326482235863,2.3,5.123,0.857,7.598,NA,70,95,0.984675148340336,1,181.362899821048,1.47756258535884,0.0126817557630002,0.00814699470959475
"173",175,"candonga",4,2,3.233596,0.680357100887062,2.3,5.123,0.857,7.598,NA,70,95,0.984675148340336,1,181.362899821048,1.47756258535884,0.0126817557630002,0.00814699470959475
"174",176,"candonga",4,2,3.27114,0.672548408200199,2.3,5.123,0.857,7.598,NA,70,95,0.984675148340336,1,181.362899821048,1.47756258535884,0.0126817557630002,0.00814699470959475
"175",177,"candonga",4,3,3.119916,0.70514718986024,2.42,4.461,0.882,8.005,NA,70,95,0.991220730120309,1,201.31333578185,1.36279107036447,0.0120210615486616,0.00676950220447012
"176",178,"candonga",4,3,3.00252,0.732717850339049,2.42,4.461,0.882,8.005,NA,70,95,0.991220730120309,1,201.31333578185,1.36279107036447,0.0120210615486616,0.00676950220447012
"177",179,"candonga",4,3,3.16478,0.695151005757114,2.42,4.461,0.882,8.005,NA,70,95,0.991220730120309,1,201.31333578185,1.36279107036447,0.0120210615486616,0.00676950220447012
"178",180,"cb",5,1,2.649896,0.830221261513659,1.65,3.695,1.098,7.185,960,240,84,0.752020516549723,1,162.182286007267,1.74935926174308,0.0101737374692454,0.0107863768899194
"179",181,"cb",5,1,2.68832,0.818354957743126,1.65,3.695,1.098,7.185,960,240,84,0.752020516549723,1,162.182286007267,1.74935926174308,0.0101737374692454,0.0107863768899194
"180",182,"cb",5,1,2.62744,0.837316932070761,1.65,3.695,1.098,7.185,960,240,84,0.752020516549723,1,162.182286007267,1.74935926174308,0.0101737374692454,0.0107863768899194
"181",183,"cb",5,2,2.788956,0.788825639414892,1.56,3.838,1.03,6.535,960,240,84,0.665218300711738,1,134.165562722553,1.59896628126129,0.0116274248647993,0.0119178591645597
"182",184,"cb",5,2,2.788196,0.789040655678439,1.56,3.838,1.03,6.535,960,240,84,0.665218300711738,1,134.165562722553,1.59896628126129,0.0116274248647993,0.0119178591645597
"183",185,"cb",5,2,2.7903,0.788445686843709,1.56,3.838,1.03,6.535,960,240,84,0.665218300711738,1,134.165562722553,1.59896628126129,0.0116274248647993,0.0119178591645597
"184",186,"cb",5,3,2.768524,0.794647256083025,1.77,3.653,1.011,7.055,960,240,84,0.841992100371919,1,156.366569686941,1.46626297794444,0.0113195550912429,0.00937708732039091
"185",187,"cb",5,3,2.733536,0.80481837444248,1.77,3.653,1.011,7.055,960,240,84,0.841992100371919,1,156.366569686941,1.46626297794444,0.0113195550912429,0.00937708732039091
"186",188,"cb",5,3,2.731212,0.805503197847695,1.77,3.653,1.011,7.055,960,240,84,0.841992100371919,1,156.366569686941,1.46626297794444,0.0113195550912429,0.00937708732039091
"187",189,"cm",5,1,4.167308,0.527918742747116,0.7,3.925,0.822,6.501,1170,40,55,0.03378821973547,0,132.773133460258,1.04146140880019,0.00527215093714366,0.00784391677486414
"188",190,"cm",5,1,4.180172,0.526294133351451,0.7,3.925,0.822,6.501,1170,40,55,0.03378821973547,0,132.773133460258,1.04146140880019,0.00527215093714366,0.00784391677486414
"189",191,"cm",5,1,4.10808,0.535529979941968,0.7,3.925,0.822,6.501,1170,40,55,0.03378821973547,0,132.773133460258,1.04146140880019,0.00527215093714366,0.00784391677486414
"190",192,"cm",5,2,3.968264,0.554398598480343,0.39,3.642,0.789,6.787,1170,40,55,0.00808588539996349,0,144.712341649996,0.890335793989021,0.0026950016533024,0.00615245240203772
"191",193,"cm",5,2,3.924752,0.560544972013518,0.39,3.642,0.789,6.787,1170,40,55,0.00808588539996349,0,144.712341649996,0.890335793989021,0.0026950016533024,0.00615245240203772
"192",194,"cm",5,2,3.993292,0.550923899379259,0.39,3.642,0.789,6.787,1170,40,55,0.00808588539996349,0,144.712341649996,0.890335793989021,0.0026950016533024,0.00615245240203772
"193",195,"cm",5,3,4.13902,0.53152678653401,1.03,3.658,0.865,7.013,1170,40,55,0.141477304993017,0,154.510340818012,1.07482015513793,0.00666622049079016,0.00695629916708228
"194",196,"cm",5,3,4.225604,0.52063562984132,1.03,3.658,0.865,7.013,1170,40,55,0.141477304993017,0,154.510340818012,1.07482015513793,0.00666622049079016,0.00695629916708228
"195",197,"cm",5,3,4.457164,0.493587402213605,1.03,3.658,0.865,7.013,1170,40,55,0.141477304993017,0,154.510340818012,1.07482015513793,0.00666622049079016,0.00695629916708228
"196",198,"ca",5,1,2.627764,0.837213691944939,2.38,3.708,0.858,7.468,1350,49,59,0.989425105525473,1,175.20983928158,1.07194915649898,0.0135837120207336,0.00611808766502118
"197",199,"ca",5,1,2.640888,0.833053124555074,2.38,3.708,0.858,7.468,1350,49,59,0.989425105525473,1,175.20983928158,1.07194915649898,0.0135837120207336,0.00611808766502118
"198",200,"ca",5,1,2.613612,0.841746976980516,2.38,3.708,0.858,7.468,1350,49,59,0.989425105525473,1,175.20983928158,1.07194915649898,0.0135837120207336,0.00611808766502118
"199",201,"ca",5,2,4.2799,0.514030701651908,0.86,3.668,1.081,7.634,1350,49,59,0.0690316523409028,0,183.085598435829,1.6832189063416,0.00469725640545904,0.00919361719721261
"200",202,"ca",5,2,4.288584,0.51298983533959,0.86,3.668,1.081,7.634,1350,49,59,0.0690316523409028,0,183.085598435829,1.6832189063416,0.00469725640545904,0.00919361719721261
"201",203,"ca",5,2,4.243264,0.518468801375545,0.86,3.668,1.081,7.634,1350,49,59,0.0690316523409028,0,183.085598435829,1.6832189063416,0.00469725640545904,0.00919361719721261
"202",204,"ca",5,3,3.550144,0.61969317300932,0.99,3.467,1.314,7.429,1350,49,59,0.120153594916114,0,173.384627356919,2.35073924492548,0.00570984876278589,0.0135579450194647
"203",205,"ca",5,3,3.60232,0.610717537586889,0.99,3.467,1.314,7.429,1350,49,59,0.120153594916114,0,173.384627356919,2.35073924492548,0.00570984876278589,0.0135579450194647
"204",206,"ca",5,3,3.5369,0.622013627753117,0.99,3.467,1.314,7.429,1350,49,59,0.120153594916114,0,173.384627356919,2.35073924492548,0.00570984876278589,0.0135579450194647
"205",207,"cabal",5,1,3.511212,0.626564274672108,0.52,4.544,1.002,6.968,NA,1680,92,0.0147910300999987,0,152.533823507969,1.79156946344647,0.00340907995381649,0.0117453914302022
"206",208,"cabal",5,1,3.40504,0.646101073702512,0.52,4.544,1.002,6.968,NA,1680,92,0.0147910300999987,0,152.533823507969,1.79156946344647,0.00340907995381649,0.0117453914302022
"207",209,"cabal",5,1,3.45336,0.637060717677856,0.52,4.544,1.002,6.968,NA,1680,92,0.0147910300999987,0,152.533823507969,1.79156946344647,0.00340907995381649,0.0117453914302022
"208",210,"cabal",5,2,2.302432,0.955511389695765,2.52,4.55,0.893,6.535,NA,1680,92,0.994493479867645,1,134.165562722553,1.42486657950712,0.0187827632431373,0.0106202109587068
"209",211,"cabal",5,2,2.293332,0.95930288331563,2.52,4.55,0.893,6.535,NA,1680,92,0.994493479867645,1,134.165562722553,1.42486657950712,0.0187827632431373,0.0106202109587068
"210",212,"cabal",5,2,2.30356,0.955043497890222,2.52,4.55,0.893,6.535,NA,1680,92,0.994493479867645,1,134.165562722553,1.42486657950712,0.0187827632431373,0.0106202109587068
"211",213,"cabal",5,3,2.229884,0.986598406015739,2.18,4.287,0.824,6.174,NA,1680,92,0.973380420720257,1,119.752095849108,1.14305675001849,0.0182042742930101,0.00954519202285014
"212",214,"cabal",5,3,2.213468,0.993915430446702,2.18,4.287,0.824,6.174,NA,1680,92,0.973380420720257,1,119.752095849108,1.14305675001849,0.0182042742930101,0.00954519202285014
"213",215,"cabal",5,3,2.194576,1.00247154803479,2.18,4.287,0.824,6.174,NA,1680,92,0.973380420720257,1,119.752095849108,1.14305675001849,0.0182042742930101,0.00954519202285014
"214",216,"candonga",5,1,2.16962,1.01400245204229,2.65,4.529,0.997,8.332,NA,50,110,0.997002528936736,1,218.096348914265,1.76787894297471,0.0121505931355216,0.00810595386752519
"215",217,"candonga",5,1,2.182832,1.00786501205773,2.65,4.529,0.997,8.332,NA,50,110,0.997002528936736,1,218.096348914265,1.76787894297471,0.0121505931355216,0.00810595386752519
"216",218,"candonga",5,1,2.19164,1.00381449508131,2.65,4.529,0.997,8.332,NA,50,110,0.997002528936736,1,218.096348914265,1.76787894297471,0.0121505931355216,0.00810595386752519
"217",219,"candonga",5,2,2.403752,0.915235847957693,2.82,4.529,1.05,7.908,NA,50,110,0.998649016722921,1,196.464095883883,1.96083389046741,0.0143537677320273,0.00998062206555203
"218",220,"candonga",5,2,2.394452,0.918790604280228,2.82,4.529,1.05,7.908,NA,50,110,0.998649016722921,1,196.464095883883,1.96083389046741,0.0143537677320273,0.00998062206555203
"219",221,"candonga",5,2,2.369064,0.928636794953619,2.82,4.529,1.05,7.908,NA,50,110,0.998649016722921,1,196.464095883883,1.96083389046741,0.0143537677320273,0.00998062206555203
"220",222,"candonga",5,3,2.481524,0.886551973706481,2.76,4.439,1.05,8.116,NA,50,110,0.998209943966586,1,206.934999065556,1.92186832408585,0.0133375215041591,0.00928730438429611
"221",223,"candonga",5,3,2.51766,0.873827284065362,2.76,4.439,1.05,8.116,NA,50,110,0.998209943966586,1,206.934999065556,1.92186832408585,0.0133375215041591,0.00928730438429611
"222",224,"candonga",5,3,2.495748,0.881499253931086,2.76,4.439,1.05,8.116,NA,50,110,0.998209943966586,1,206.934999065556,1.92186832408585,0.0133375215041591,0.00928730438429611
"223",225,"cb",6,1,2.277896,0.965803530977709,2.95,4.781,1.092,8.177,960,160,95,0.999265990553429,1,210.057343180957,2.23884437440476,0.0140437842130502,0.0106582533155057
"224",226,"cb",6,1,2.201404,0.999362225198101,2.95,4.781,1.092,8.177,960,160,95,0.999265990553429,1,210.057343180957,2.23884437440476,0.0140437842130502,0.0106582533155057
"225",227,"cb",6,1,2.191416,1.00391710200163,2.95,4.781,1.092,8.177,960,160,95,0.999265990553429,1,210.057343180957,2.23884437440476,0.0140437842130502,0.0106582533155057
"226",228,"cb",6,2,2.911308,0.755674081890339,1.88,4.755,1.227,7.819,960,160,95,0.899335046843961,1,192.066799221875,2.81125041419015,0.00978826120712424,0.014636836900388
"227",229,"cb",6,2,2.905112,0.757285777622343,1.88,4.755,1.227,7.819,960,160,95,0.899335046843961,1,192.066799221875,2.81125041419015,0.00978826120712424,0.014636836900388
"228",230,"cb",6,2,2.95002,0.745757655880299,1.88,4.755,1.227,7.819,960,160,95,0.899335046843961,1,192.066799221875,2.81125041419015,0.00978826120712424,0.014636836900388
"229",231,"cb",6,3,2.961048,0.742980188095566,1.91,4.539,0.999,8.691,960,160,95,0.911394745299226,1,237.295429009664,1.77889799202798,0.00804903831469173,0.00749655397683843
"230",232,"cb",6,3,2.937776,0.748865808693379,1.91,4.539,0.999,8.691,960,160,95,0.911394745299226,1,237.295429009664,1.77889799202798,0.00804903831469173,0.00749655397683843
"231",233,"cb",6,3,2.985456,0.736905852908233,1.91,4.539,0.999,8.691,960,160,95,0.911394745299226,1,237.295429009664,1.77889799202798,0.00804903831469173,0.00749655397683843
"232",234,"cm",6,1,3.894468,0.564903858498773,0.71,3.949,1.037,7.163,1170,45,57,0.0353558584113133,0,161.190623436605,1.66764855779095,0.0044047227119215,0.0103458161662041
"233",235,"cm",6,1,3.936088,0.558930593015197,0.71,3.949,1.037,7.163,1170,45,57,0.0353558584113133,0,161.190623436605,1.66764855779095,0.0044047227119215,0.0103458161662041
"234",236,"cm",6,1,3.816164,0.576495140145969,0.71,3.949,1.037,7.163,1170,45,57,0.0353558584113133,0,161.190623436605,1.66764855779095,0.0044047227119215,0.0103458161662041
"235",237,"cm",6,2,3.901188,0.563930782110475,0.88,3.247,1.036,8.006,1170,45,57,0.0753195273531105,0,201.363635821827,1.3685532021097,0.00437020317202979,0.00679642675562651
"236",238,"cm",6,2,3.918692,0.561411818024994,0.88,3.247,1.036,8.006,1170,45,57,0.0753195273531105,0,201.363635821827,1.3685532021097,0.00437020317202979,0.00679642675562651
"237",239,"cm",6,2,3.988904,0.551529944064836,0.88,3.247,1.036,8.006,1170,45,57,0.0753195273531105,0,201.363635821827,1.3685532021097,0.00437020317202979,0.00679642675562651
"238",240,"cm",6,3,2.387184,0.921587946299908,2.6,3.638,0.933,6.325,1170,45,57,0.996211940010555,1,125.681377602268,1.24361476011912,0.0206872334597411,0.00989498033714009
"239",241,"cm",6,3,2.432516,0.904413372820569,2.6,3.638,0.933,6.325,1170,45,57,0.996211940010555,1,125.681377602268,1.24361476011912,0.0206872334597411,0.00989498033714009
"240",242,"cm",6,3,2.421768,0.908427231675371,2.6,3.638,0.933,6.325,1170,45,57,0.996211940010555,1,125.681377602268,1.24361476011912,0.0206872334597411,0.00989498033714009
"241",243,"ca",6,1,3.169684,0.694075497746779,1.68,4.226,0.917,8.777,1350,84,72,0.77735950640211,1,242.014880290334,1.39549424485522,0.00694172192215859,0.00576615059033193
"242",244,"ca",6,1,3.15932,0.696352379625995,1.68,4.226,0.917,8.777,1350,84,72,0.77735950640211,1,242.014880290334,1.39549424485522,0.00694172192215859,0.00576615059033193
"243",245,"ca",6,1,3.219128,0.68341488750991,1.68,4.226,0.917,8.777,1350,84,72,0.77735950640211,1,242.014880290334,1.39549424485522,0.00694172192215859,0.00576615059033193
"244",246,"ca",6,2,2.992528,0.735164382755984,1.8,3.487,1.005,7.649,1350,84,72,0.859850955360074,1,183.805792843701,1.38306934840473,0.0097929448911908,0.00752462328312373
"245",247,"ca",6,2,3.043192,0.722925139130229,1.8,3.487,1.005,7.649,1350,84,72,0.859850955360074,1,183.805792843701,1.38306934840473,0.0097929448911908,0.00752462328312373
"246",248,"ca",6,2,3.037716,0.724228334709367,1.8,3.487,1.005,7.649,1350,84,72,0.859850955360074,1,183.805792843701,1.38306934840473,0.0097929448911908,0.00752462328312373
"247",249,"ca",6,3,3.543184,0.620910457938397,1.66,3.72,0.983,7.952,1350,84,72,0.760676733634426,1,198.656424901264,1.41159418699475,0.00835613547774785,0.00710570618441535
"248",250,"ca",6,3,3.447104,0.638216891628451,1.66,3.72,0.983,7.952,1350,84,72,0.760676733634426,1,198.656424901264,1.41159418699475,0.00835613547774785,0.00710570618441535
"249",251,"ca",6,3,3.469772,0.634047424441721,1.66,3.72,0.983,7.952,1350,84,72,0.760676733634426,1,198.656424901264,1.41159418699475,0.00835613547774785,0.00710570618441535
"250",252,"cabal",6,1,2.211852,0.994641594464729,1.83,3.93,0.83,7.09,NA,225,63,0.875988603057911,1,157.921893669917,1.06318446171225,0.0115880069411085,0.00673234367322417
"251",253,"cabal",6,1,2.139388,1.02833146675591,1.83,3.93,0.83,7.09,NA,225,63,0.875988603057911,1,157.921893669917,1.06318446171225,0.0115880069411085,0.00673234367322417
"252",254,"cabal",6,1,2.137508,1.02923591397085,1.83,3.93,0.83,7.09,NA,225,63,0.875988603057911,1,157.921893669917,1.06318446171225,0.0115880069411085,0.00673234367322417
"253",255,"cabal",6,2,2.109388,1.04295653526046,2.07,3.79,0.88,6.22,NA,225,63,0.956160713045509,1,121.543193219143,1.15256238000779,0.0170309825270739,0.00948273901221038
"254",256,"cabal",6,2,2.09622,1.04950816231121,2.07,3.79,0.88,6.22,NA,225,63,0.956160713045509,1,121.543193219143,1.15256238000779,0.0170309825270739,0.00948273901221038
"255",257,"cabal",6,2,2.104812,1.04522399150138,2.07,3.79,0.88,6.22,NA,225,63,0.956160713045509,1,121.543193219143,1.15256238000779,0.0170309825270739,0.00948273901221038
"256",258,"cabal",6,3,2.610052,0.842895084082616,1.67,3.93,0.87,6.74,NA,225,63,0.769123554594454,1,142.715014430216,1.16812936430541,0.0117016419517415,0.00818504884695648
"257",259,"cabal",6,3,2.610052,0.842895084082616,1.67,3.93,0.87,6.74,NA,225,63,0.769123554594454,1,142.715014430216,1.16812936430541,0.0117016419517415,0.00818504884695648
"258",260,"cabal",6,3,2.575492,0.854205720693367,1.67,3.93,0.87,6.74,NA,225,63,0.769123554594454,1,142.715014430216,1.16812936430541,0.0117016419517415,0.00818504884695648
"259",261,"candonga",6,1,2.417224,0.910134931640593,2.46,4.345,1.049,8.54,NA,20,105,0.99271370170748,1,229.121378774549,1.87758947826055,0.010736667233574,0.00819473716639975
"260",262,"candonga",6,1,2.37178,0.927573383703379,2.46,4.345,1.049,8.54,NA,20,105,0.99271370170748,1,229.121378774549,1.87758947826055,0.010736667233574,0.00819473716639975
"261",263,"candonga",6,1,2.378016,0.925140957840486,2.46,4.345,1.049,8.54,NA,20,105,0.99271370170748,1,229.121378774549,1.87758947826055,0.010736667233574,0.00819473716639975
"262",264,"candonga",6,2,2.40062,0.91642992227008,1.94,4.163,0.955,7.919,NA,20,105,0.922134775719325,1,197.011037740095,1.49098419488288,0.00984716400793407,0.00756802365992229
"263",265,"candonga",6,2,2.447832,0.898754489687201,1.94,4.163,0.955,7.919,NA,20,105,0.922134775719325,1,197.011037740095,1.49098419488288,0.00984716400793407,0.00756802365992229
"264",266,"candonga",6,2,2.446128,0.899380572071453,1.94,4.163,0.955,7.919,NA,20,105,0.922134775719325,1,197.011037740095,1.49098419488288,0.00984716400793407,0.00756802365992229
"265",267,"candonga",6,3,2.455276,0.896029611334938,2.32,4.252,1.202,8.434,NA,20,105,0.986030175137359,1,223.468887042134,2.4124708635553,0.0103817584215317,0.0107955559070755
"266",268,"candonga",6,3,2.432548,0.904401475325461,2.32,4.252,1.202,8.434,NA,20,105,0.986030175137359,1,223.468887042134,2.4124708635553,0.0103817584215317,0.0107955559070755
"267",269,"candonga",6,3,2.439688,0.901754650594666,2.32,4.252,1.202,8.434,NA,20,105,0.986030175137359,1,223.468887042134,2.4124708635553,0.0103817584215317,0.0107955559070755
"268",270,"cb",7,1,3.184048,0.690944357622749,0.96,4.137,0.893,7.57,960,200,87,0.106034423935253,0,180.028652854698,1.29553253613648,0.00533248449498104,0.00719625746009504
"269",271,"cb",7,1,3.17498,0.692917750662996,0.96,4.137,0.893,7.57,960,200,87,0.106034423935253,0,180.028652854698,1.29553253613648,0.00533248449498104,0.00719625746009504
"270",272,"cb",7,1,3.163276,0.695481519791507,0.96,4.137,0.893,7.57,960,200,87,0.106034423935253,0,180.028652854698,1.29553253613648,0.00533248449498104,0.00719625746009504
"271",273,"cb",7,2,2.94876,0.746076316824699,0.93,4.05,0.995,7.502,960,200,87,0.0933982655898625,0,176.808847110404,1.57456672885306,0.00525991778804645,0.00890547478017237
"272",274,"cb",7,2,2.960092,0.743220143157713,0.93,4.05,0.995,7.502,960,200,87,0.0933982655898625,0,176.808847110404,1.57456672885306,0.00525991778804645,0.00890547478017237
"273",275,"cb",7,2,3.015952,0.729454580178995,0.93,4.05,0.995,7.502,960,200,87,0.0933982655898625,0,176.808847110404,1.57456672885306,0.00525991778804645,0.00890547478017237
"274",276,"cb",7,3,3.249036,0.677123922295721,0.94,3.94,0.995,7.242,960,200,87,0.0974526259492947,0,164.765740168427,1.53180071893359,0.00570506950679864,0.00929683997029815
"275",277,"cb",7,3,3.341932,0.658301844561769,0.94,3.94,0.995,7.242,960,200,87,0.0974526259492947,0,164.765740168427,1.53180071893359,0.00570506950679864,0.00929683997029815
"276",278,"cb",7,3,3.369656,0.652885635803773,0.94,3.94,0.995,7.242,960,200,87,0.0974526259492947,0,164.765740168427,1.53180071893359,0.00570506950679864,0.00929683997029815
"277",279,"cm",7,1,2.409432,0.913078269069225,2.23,4.049,1.01,7.42,1170,600,79,0.978834836287348,1,172.964781773101,1.62199835729228,0.0128927980432766,0.00937762208389942
"278",280,"cm",7,1,2.410768,0.9125722591307,2.23,4.049,1.01,7.42,1170,600,79,0.978834836287348,1,172.964781773101,1.62199835729228,0.0128927980432766,0.00937762208389942
"279",281,"cm",7,1,2.388028,0.9212622297561,2.23,4.049,1.01,7.42,1170,600,79,0.978834836287348,1,172.964781773101,1.62199835729228,0.0128927980432766,0.00937762208389942
"280",282,"cm",7,2,3.16232,0.695691770598801,2.02,3.762,1.029,7.403,1170,600,79,0.945190206526539,1,172.17312869873,1.56426175202897,0.0117323766796072,0.00908540004965659
"281",283,"cm",7,2,3.107704,0.707918128624863,2.02,3.762,1.029,7.403,1170,600,79,0.945190206526539,1,172.17312869873,1.56426175202897,0.0117323766796072,0.00908540004965659
"282",284,"cm",7,2,3.23818,0.679393980569332,2.02,3.762,1.029,7.403,1170,600,79,0.945190206526539,1,172.17312869873,1.56426175202897,0.0117323766796072,0.00908540004965659
"283",285,"cm",7,3,2.543004,0.865118576297953,2.6,3.981,1.094,7.234,1170,600,79,0.996211940010555,1,164.4019186064,1.87105566101116,0.015814900592643,0.0113809843393052
"284",286,"cm",7,3,2.523928,0.871657194658485,2.6,3.981,1.094,7.234,1170,600,79,0.996211940010555,1,164.4019186064,1.87105566101116,0.015814900592643,0.0113809843393052
"285",287,"cm",7,3,2.54744,0.863612096850171,2.6,3.981,1.094,7.234,1170,600,79,0.996211940010555,1,164.4019186064,1.87105566101116,0.015814900592643,0.0113809843393052
"286",288,"ca",7,1,2.889232,0.761448024942268,1.92,3.619,1.024,8.225,1350,1334,69,0.915115642852754,1,212.530706510758,1.49021311806229,0.00903398869519503,0.00701175440729483
"287",289,"ca",7,1,2.88308,0.763072824895598,1.92,3.619,1.024,8.225,1350,1334,69,0.915115642852754,1,212.530706510758,1.49021311806229,0.00903398869519503,0.00701175440729483
"288",290,"ca",7,1,2.903844,0.757616455980418,1.92,3.619,1.024,8.225,1350,1334,69,0.915115642852754,1,212.530706510758,1.49021311806229,0.00903398869519503,0.00701175440729483
"289",291,"ca",7,2,4.413076,0.49851849367652,0.69,3.864,1.021,7.593,1350,1334,69,0.0322877618902103,0,181.124280151045,1.58178876891458,0.00380953894985581,0.00873316800815157
"290",292,"ca",7,2,4.319816,0.509280950855314,0.69,3.864,1.021,7.593,1350,1334,69,0.0322877618902103,0,181.124280151045,1.58178876891458,0.00380953894985581,0.00873316800815157
"291",293,"ca",7,2,4.227628,0.520386372689366,0.69,3.864,1.021,7.593,1350,1334,69,0.0322877618902103,0,181.124280151045,1.58178876891458,0.00380953894985581,0.00873316800815157
"292",294,"ca",7,3,2.792472,0.787832429474673,2.19,3.621,0.971,7.447,1350,1334,69,0.974570913835723,1,174.225845338586,1.34068537028911,0.0125698916584047,0.00769510038928873
"293",295,"ca",7,3,2.823756,0.779104143559146,2.19,3.621,0.971,7.447,1350,1334,69,0.974570913835723,1,174.225845338586,1.34068537028911,0.0125698916584047,0.00769510038928873
"294",296,"ca",7,3,2.7883,0.78901122547789,2.19,3.621,0.971,7.447,1350,1334,69,0.974570913835723,1,174.225845338586,1.34068537028911,0.0125698916584047,0.00769510038928873
"295",297,"cabal",7,1,2.645784,0.831511567081818,1.36,3.62,1.03,7.19,NA,560,60,0.437115555303382,1,162.408087979243,1.50814432990252,0.00837396718920683,0.00928614054058236
"296",298,"cabal",7,1,2.640804,0.833079622720959,1.36,3.62,1.03,7.19,NA,560,60,0.437115555303382,1,162.408087979243,1.50814432990252,0.00837396718920683,0.00928614054058236
"297",299,"cabal",7,1,2.633068,0.83552722527485,1.36,3.62,1.03,7.19,NA,560,60,0.437115555303382,1,162.408087979243,1.50814432990252,0.00837396718920683,0.00928614054058236
"298",300,"cabal",7,2,4.390448,0.501087816095305,0.63,3.68,0.86,7.76,NA,560,60,0.0245520725869014,0,189.179169776809,1.0688200862337,0.00333017636531161,0.00564977680943777
"299",301,"cabal",7,2,4.164912,0.528222445036054,0.63,3.68,0.86,7.76,NA,560,60,0.0245520725869014,0,189.179169776809,1.0688200862337,0.00333017636531161,0.00564977680943777
"300",302,"cabal",7,2,4.195976,0.524311864510188,0.63,3.68,0.86,7.76,NA,560,60,0.0245520725869014,0,189.179169776809,1.0688200862337,0.00333017636531161,0.00564977680943777
"301",303,"cabal",7,3,3.69268,0.595773259529664,1.44,3.87,0.79,8.35,NA,560,60,0.530693500767475,1,219.039693789914,0.948473132957232,0.00657415089970467,0.00433014270859479
"302",304,"cabal",7,3,3.723672,0.590814658219091,1.44,3.87,0.79,8.35,NA,560,60,0.530693500767475,1,219.039693789914,0.948473132957232,0.00657415089970467,0.00433014270859479
"303",305,"cabal",7,3,3.802456,0.578573427279632,1.44,3.87,0.79,8.35,NA,560,60,0.530693500767475,1,219.039693789914,0.948473132957232,0.00657415089970467,0.00433014270859479
"304",306,"candonga",7,1,1.939188,1.13449546923764,2.33,4.44,0.929,6.816,NA,110,79,0.986662691731208,1,145.951659111132,1.50478441226747,0.0159641898844456,0.0103101562629149
"305",307,"candonga",7,1,1.923048,1.14401720601878,2.33,4.44,0.929,6.816,NA,110,79,0.986662691731208,1,145.951659111132,1.50478441226747,0.0159641898844456,0.0103101562629149
"306",308,"candonga",7,1,1.92288,1.14411715759694,2.33,4.44,0.929,6.816,NA,110,79,0.986662691731208,1,145.951659111132,1.50478441226747,0.0159641898844456,0.0103101562629149
"307",309,"candonga",7,2,3.287368,0.669228391832007,0.62,3.985,0.742,6.873,NA,110,79,0.0234518157101701,0,148.402959035727,0.86158081920726,0.00417781427020427,0.00580568490551351
"308",310,"candonga",7,2,3.283416,0.670033891532477,0.62,3.985,0.742,6.873,NA,110,79,0.0234518157101701,0,148.402959035727,0.86158081920726,0.00417781427020427,0.00580568490551351
"309",311,"candonga",7,2,3.219304,0.683377525079955,0.62,3.985,0.742,6.873,NA,110,79,0.0234518157101701,0,148.402959035727,0.86158081920726,0.00417781427020427,0.00580568490551351
"310",312,"candonga",7,3,1.881976,1.16898408906383,2.65,4.256,1.065,6.877,NA,110,79,0.997002528936736,1,148.575746631674,1.89566119743951,0.0178360200778224,0.0127588872370868
"311",313,"candonga",7,3,1.884688,1.16730196191624,2.65,4.256,1.065,6.877,NA,110,79,0.997002528936736,1,148.575746631674,1.89566119743951,0.0178360200778224,0.0127588872370868
"312",314,"candonga",7,3,1.852292,1.18771770325629,2.65,4.256,1.065,6.877,NA,110,79,0.997002528936736,1,148.575746631674,1.89566119743951,0.0178360200778224,0.0127588872370868
"313",315,"ca",8,1,3.001468,0.732974664397555,1.88,4.057,0.953,7.764,1350,1440,81,0.899335046843961,1,189.374250114226,1.44694057305863,0.00992743204984853,0.00764064054213213
"314",316,"ca",8,1,2.976588,0.73910127972027,1.88,4.057,0.953,7.764,1350,1440,81,0.899335046843961,1,189.374250114226,1.44694057305863,0.00992743204984853,0.00764064054213213
"315",317,"ca",8,1,3.027884,0.726580014293811,1.88,4.057,0.953,7.764,1350,1440,81,0.899335046843961,1,189.374250114226,1.44694057305863,0.00992743204984853,0.00764064054213213
"316",318,"ca",8,2,2.820604,0.779974785542387,1.82,3.883,1.182,8.094,1350,1440,81,0.870794734881427,1,205.814644293433,2.13040527779414,0.00884290817229312,0.0103510869457704
"317",319,"ca",8,2,2.857796,0.769824018229433,1.82,3.883,1.182,8.094,1350,1440,81,0.870794734881427,1,205.814644293433,2.13040527779414,0.00884290817229312,0.0103510869457704
"318",320,"ca",8,2,2.8002,0.785658167273766,1.82,3.883,1.182,8.094,1350,1440,81,0.870794734881427,1,205.814644293433,2.13040527779414,0.00884290817229312,0.0103510869457704
"319",321,"ca",8,3,3.861536,0.569721478706919,0.9,4.16,1.048,7.964,1350,1440,81,0.0821296179196902,0,199.256443965358,1.79422036446031,0.00451679244138508,0.00900457886708168
"320",322,"ca",8,3,3.83894,0.573074859205927,0.9,4.16,1.048,7.964,1350,1440,81,0.0821296179196902,0,199.256443965358,1.79422036446031,0.00451679244138508,0.00900457886708168
"321",323,"ca",8,3,3.87514,0.56772142425822,0.9,4.16,1.048,7.964,1350,1440,81,0.0821296179196902,0,199.256443965358,1.79422036446031,0.00451679244138508,0.00900457886708168
"322",324,"cabal",8,1,2.948124,0.746237268174609,1.86,4.27,1.034,8.384,NA,232,73,0.890504686014999,1,220.82712177973,1.79278759400675,0.0084228784263887,0.00811851180035309
"323",325,"cabal",8,1,2.980616,0.738102459357395,1.86,4.27,1.034,8.384,NA,232,73,0.890504686014999,1,220.82712177973,1.79278759400675,0.0084228784263887,0.00811851180035309
"324",326,"cabal",8,1,2.965204,0.741938834562479,1.86,4.27,1.034,8.384,NA,232,73,0.890504686014999,1,220.82712177973,1.79278759400675,0.0084228784263887,0.00811851180035309
"325",327,"cabal",8,2,2.88164,0.763454144167904,1.72,4.256,0.844,7.752,NA,232,73,0.808183083595653,1,188.789310694869,1.19054659766737,0.0091106853119452,0.0063062182561363
"326",328,"cabal",8,2,2.854968,0.770586570497463,1.72,4.256,0.844,7.752,NA,232,73,0.808183083595653,1,188.789310694869,1.19054659766737,0.0091106853119452,0.0063062182561363
"327",329,"cabal",8,2,2.86294,0.76844083354873,1.72,4.256,0.844,7.752,NA,232,73,0.808183083595653,1,188.789310694869,1.19054659766737,0.0091106853119452,0.0063062182561363
"328",330,"cabal",8,3,2.924908,0.752160409831694,1.98,3.847,0.961,7.999,NA,232,73,0.934601115528742,1,201.011667488882,1.39517551967764,0.00985017449352543,0.00694076884743422
"329",331,"cabal",8,3,2.906316,0.756972056720604,1.98,3.847,0.961,7.999,NA,232,73,0.934601115528742,1,201.011667488882,1.39517551967764,0.00985017449352543,0.00694076884743422
"330",332,"cabal",8,3,2.896448,0.75955100868374,1.98,3.847,0.961,7.999,NA,232,73,0.934601115528742,1,201.011667488882,1.39517551967764,0.00985017449352543,0.00694076884743422
"331",333,"candonga",8,1,2.508012,0.877188785380612,2.12,3.851,1.002,6.32,NA,100,110,0.965016678627944,1,125.482750406745,1.51833934941293,0.0168947524112131,0.0120999846153461
"332",334,"candonga",8,1,2.535036,0.867837774295908,2.12,3.851,1.002,6.32,NA,100,110,0.965016678627944,1,125.482750406745,1.51833934941293,0.0168947524112131,0.0120999846153461
"333",335,"candonga",8,1,2.521212,0.872596195797894,2.12,3.851,1.002,6.32,NA,100,110,0.965016678627944,1,125.482750406745,1.51833934941293,0.0168947524112131,0.0120999846153461
"334",336,"candonga",8,2,2.615684,0.841080191643945,1.85,3.775,1.109,6.925,NA,100,110,0.885839551947081,1,150.657039198307,1.82322360085262,0.0122795457141892,0.0121018148939775
"335",337,"candonga",8,2,2.594248,0.848029949334065,1.85,3.775,1.109,6.925,NA,100,110,0.885839551947081,1,150.657039198307,1.82322360085262,0.0122795457141892,0.0121018148939775
"336",338,"candonga",8,2,2.563636,0.858156150093071,1.85,3.775,1.109,6.925,NA,100,110,0.885839551947081,1,150.657039198307,1.82322360085262,0.0122795457141892,0.0121018148939775
"337",339,"candonga",8,3,2.829024,0.777653353241259,1.68,3.578,0.882,6.75,NA,100,110,0.77735950640211,1,143.138815279185,1.09304336466354,0.0117368583547603,0.00763624711111111
"338",340,"candonga",8,3,2.779768,0.791432954117034,1.68,3.578,0.882,6.75,NA,100,110,0.77735950640211,1,143.138815279185,1.09304336466354,0.0117368583547603,0.00763624711111111
"339",341,"candonga",8,3,2.798132,0.786238819326608,1.68,3.578,0.882,6.75,NA,100,110,0.77735950640211,1,143.138815279185,1.09304336466354,0.0117368583547603,0.00763624711111111
"340",342,"cb",9,1,2.790588,0.788364316050954,1.11,3.766,0.971,5.992,960,450,88,0.193524646736948,0,112.795943696418,1.39437202554786,0.00984077940770181,0.0123618986627809
"341",343,"cb",9,1,2.78772,0.789175383467493,1.11,3.766,0.971,5.992,960,450,88,0.193524646736948,0,112.795943696418,1.39437202554786,0.00984077940770181,0.0123618986627809
"342",344,"cb",9,1,2.781504,0.790939002784105,1.11,3.766,0.971,5.992,960,450,88,0.193524646736948,0,112.795943696418,1.39437202554786,0.00984077940770181,0.0123618986627809
"343",345,"cb",9,2,2.692888,0.816966765791968,1.33,4.03,1.036,6.427,960,450,88,0.402801956384354,1,129.767659733163,1.69857388497138,0.0102490867349757,0.0130893466713055
"344",346,"cb",9,2,2.65176,0.82963767460102,1.33,4.03,1.036,6.427,960,450,88,0.402801956384354,1,129.767659733163,1.69857388497138,0.0102490867349757,0.0130893466713055
"345",347,"cb",9,2,2.711688,0.81130277524553,1.33,4.03,1.036,6.427,960,450,88,0.402801956384354,1,129.767659733163,1.69857388497138,0.0102490867349757,0.0130893466713055
"346",348,"cb",9,3,3.216768,0.683916278699614,0.89,4.305,1.029,7.058,960,450,88,0.0786571894432627,0,156.499581578301,1.79004434941115,0.00568691616312537,0.0114380136442444
"347",349,"cb",9,3,3.199836,0.687535236180854,0.89,4.305,1.029,7.058,960,450,88,0.0786571894432627,0,156.499581578301,1.79004434941115,0.00568691616312537,0.0114380136442444
"348",350,"cb",9,3,3.218848,0.683474336160018,0.89,4.305,1.029,7.058,960,450,88,0.0786571894432627,0,156.499581578301,1.79004434941115,0.00568691616312537,0.0114380136442444
"349",351,"cm",9,1,4.578228,0.480535263861913,0.7,3.83,0.806,6.259,1170,45,59,0.03378821973547,0,123.072146673385,0.977076894245196,0.00568772073065154,0.0079390578669129
"350",352,"cm",9,1,4.46684,0.492518200786238,0.7,3.83,0.806,6.259,1170,45,59,0.03378821973547,0,123.072146673385,0.977076894245196,0.00568772073065154,0.0079390578669129
"351",353,"cm",9,1,4.289232,0.512912334888857,0.7,3.83,0.806,6.259,1170,45,59,0.03378821973547,0,123.072146673385,0.977076894245196,0.00568772073065154,0.0079390578669129
"352",354,"cm",9,2,4.278592,0.5141878449733,1.03,3.839,0.908,7.105,1170,45,59,0.141477304993017,0,158.590817285683,1.24293865560795,0.00649470138075256,0.00783739359492007
"353",355,"cm",9,2,4.207856,0.522831579787902,1.03,3.839,0.908,7.105,1170,45,59,0.141477304993017,0,158.590817285683,1.24293865560795,0.00649470138075256,0.00783739359492007
"354",356,"cm",9,2,4.11176,0.535050683892056,1.03,3.839,0.908,7.105,1170,45,59,0.141477304993017,0,158.590817285683,1.24293865560795,0.00649470138075256,0.00783739359492007
"355",357,"cm",9,3,4.254076,0.517151080516662,0.72,3.948,0.942,6.853,1170,45,59,0.0369934445670317,0,147.540529020463,1.37574782627754,0.00488001503573393,0.00932454177446201
"356",358,"cm",9,3,4.205908,0.523073733424507,0.72,3.948,0.942,6.853,1170,45,59,0.0369934445670317,0,147.540529020463,1.37574782627754,0.00488001503573393,0.00932454177446201
"357",359,"cm",9,3,4.179104,0.526428631591844,0.72,3.948,0.942,6.853,1170,45,59,0.0369934445670317,0,147.540529020463,1.37574782627754,0.00488001503573393,0.00932454177446201
"358",360,"ca",9,1,3.476828,0.632760665756258,1.56,4.247,1.166,7.138,1350,28,90,0.665218300711738,1,160.06742552313,2.26745797987331,0.00974589298791824,0.0141656428374657
"359",361,"ca",9,1,3.386796,0.649581492360331,1.56,4.247,1.166,7.138,1350,28,90,0.665218300711738,1,160.06742552313,2.26745797987331,0.00974589298791824,0.0141656428374657
"360",362,"ca",9,1,3.421828,0.642931205192079,1.56,4.247,1.166,7.138,1350,28,90,0.665218300711738,1,160.06742552313,2.26745797987331,0.00974589298791824,0.0141656428374657
"361",363,"ca",9,2,2.814876,0.78156195867953,2.3,4.901,1.087,7.8,1350,28,90,0.984675148340336,1,191.134497044403,2.27406920125329,0.0120334112133912,0.0118977434027778
"362",364,"ca",9,2,2.858812,0.769550428639589,2.3,4.901,1.087,7.8,1350,28,90,0.984675148340336,1,191.134497044403,2.27406920125329,0.0120334112133912,0.0118977434027778
"363",365,"ca",9,2,2.839548,0.774771195979078,2.3,4.901,1.087,7.8,1350,28,90,0.984675148340336,1,191.134497044403,2.27406920125329,0.0120334112133912,0.0118977434027778
"364",366,"ca",9,3,2.586376,0.850611048045605,2.16,4.319,0.962,7.71,1350,28,90,0.970834701954044,1,186.749147859257,1.56961533771376,0.0115663178373798,0.00840493975852944
"365",367,"ca",9,3,2.655596,0.828439265611185,2.16,4.319,0.962,7.71,1350,28,90,0.970834701954044,1,186.749147859257,1.56961533771376,0.0115663178373798,0.00840493975852944
"366",368,"ca",9,3,2.649396,0.830377942746196,2.16,4.319,0.962,7.71,1350,28,90,0.970834701954044,1,186.749147859257,1.56961533771376,0.0115663178373798,0.00840493975852944
"367",369,"cabal",9,1,3.612544,0.608989122347022,0.94,4.055,1.015,6.829,NA,240,80,0.0974526259492947,0,146.50893052399,1.64052490840164,0.0064159911388206,0.0111974396545951
"368",370,"cabal",9,1,3.662072,0.600752797869621,0.94,4.055,1.015,6.829,NA,240,80,0.0974526259492947,0,146.50893052399,1.64052490840164,0.0064159911388206,0.0111974396545951
"369",371,"cabal",9,1,3.65318,0.602215056471348,0.94,4.055,1.015,6.829,NA,240,80,0.0974526259492947,0,146.50893052399,1.64052490840164,0.0064159911388206,0.0111974396545951
"370",372,"cabal",9,2,2.91538,0.754618608894895,1.55,4.065,0.877,7.015,NA,240,80,0.654676806053961,1,154.598481341501,1.22777736441194,0.0100259717078082,0.00794171685102029
"371",373,"cabal",9,2,2.907184,0.756746047033831,1.55,4.065,0.877,7.015,NA,240,80,0.654676806053961,1,154.598481341501,1.22777736441194,0.0100259717078082,0.00794171685102029
"372",374,"cabal",9,2,2.921244,0.753103814676213,1.55,4.065,0.877,7.015,NA,240,80,0.654676806053961,1,154.598481341501,1.22777736441194,0.0100259717078082,0.00794171685102029
"373",375,"cabal",9,3,3.03758,0.724260760210431,1.62,3.916,0.992,7.269,NA,240,80,0.724818537888393,1,165.996606745325,1.51330307008394,0.00975923563597555,0.00911646990715704
"374",376,"cabal",9,3,3.004196,0.732309077037584,1.62,3.916,0.992,7.269,NA,240,80,0.724818537888393,1,165.996606745325,1.51330307008394,0.00975923563597555,0.00911646990715704
"375",377,"cabal",9,3,3.043192,0.722925139130229,1.62,3.916,0.992,7.269,NA,240,80,0.724818537888393,1,165.996606745325,1.51330307008394,0.00975923563597555,0.00911646990715704
"376",378,"candonga",9,1,2.271184,0.96865775736356,1.91,4.153,0.968,6.661,NA,40,100,0.911394745299226,1,139.389076261306,1.5281730323611,0.0137026519669261,0.0109633629359614
"377",379,"candonga",9,1,2.238932,0.98261135219828,1.91,4.153,0.968,6.661,NA,40,100,0.911394745299226,1,139.389076261306,1.5281730323611,0.0137026519669261,0.0109633629359614
"378",380,"candonga",9,1,2.264,0.971731448763251,1.91,4.153,0.968,6.661,NA,40,100,0.911394745299226,1,139.389076261306,1.5281730323611,0.0137026519669261,0.0109633629359614
"379",381,"candonga",9,2,2.691596,0.817358920135117,1.92,4.2,0.997,7.408,NA,40,100,0.915115642852754,1,172.405779342692,1.63945497030112,0.0111365176232498,0.00950928081733483
"380",382,"candonga",9,2,2.695168,0.816275645896657,1.92,4.2,0.997,7.408,NA,40,100,0.915115642852754,1,172.405779342692,1.63945497030112,0.0111365176232498,0.00950928081733483
"381",383,"candonga",9,2,2.666716,0.824984737782351,1.92,4.2,0.997,7.408,NA,40,100,0.915115642852754,1,172.405779342692,1.63945497030112,0.0111365176232498,0.00950928081733483
"382",384,"candonga",9,3,2.613616,0.841745688731627,1.94,4.163,0.985,6.951,NA,40,100,0.922134775719325,1,151.790450429499,1.58612992021079,0.0127807776741598,0.0104494710683232
"383",385,"candonga",9,3,2.58038,0.852587603376247,1.94,4.163,0.985,6.951,NA,40,100,0.922134775719325,1,151.790450429499,1.58612992021079,0.0127807776741598,0.0104494710683232
"384",386,"candonga",9,3,2.617332,0.840550606495469,1.94,4.163,0.985,6.951,NA,40,100,0.922134775719325,1,151.790450429499,1.58612992021079,0.0127807776741598,0.0104494710683232
"385",387,"cb",10,1,2.663624,0.825942400278718,2.37,3.369,1.142,7.141,960,4000,117,0.98892212442811,1,160.202001927632,1.7254131534667,0.0147938226207098,0.0107702346581544
"386",388,"cb",10,1,2.59528,0.847692734502636,2.37,3.369,1.142,7.141,960,4000,117,0.98892212442811,1,160.202001927632,1.7254131534667,0.0147938226207098,0.0107702346581544
"387",389,"cb",10,1,2.605924,0.844230299885952,2.37,3.369,1.142,7.141,960,4000,117,0.98892212442811,1,160.202001927632,1.7254131534667,0.0147938226207098,0.0107702346581544
"388",390,"cb",10,2,2.6786,0.821324572537893,2.25,4.216,1.115,7.453,960,4000,117,0.980696141087444,1,174.506703721817,2.05830733960208,0.0128934874822159,0.0117950044078722
"389",391,"cb",10,2,2.682812,0.820035097502173,2.25,4.216,1.115,7.453,960,4000,117,0.980696141087444,1,174.506703721817,2.05830733960208,0.0128934874822159,0.0117950044078722
"390",392,"cb",10,2,2.72944,0.806026144557125,2.25,4.216,1.115,7.453,960,4000,117,0.980696141087444,1,174.506703721817,2.05830733960208,0.0128934874822159,0.0117950044078722
"391",393,"cb",10,3,2.155724,1.02053880737979,2.05,4.04,0.947,7.367,960,4000,117,0.952049340009019,1,170.502681052964,1.42279132586697,0.0120232713488136,0.00834468594323749
"392",394,"cb",10,3,2.18442,1.00713232803216,2.05,4.04,0.947,7.367,960,4000,117,0.952049340009019,1,170.502681052964,1.42279132586697,0.0120232713488136,0.00834468594323749
"393",395,"cb",10,3,2.14228,1.02694325671714,2.05,4.04,0.947,7.367,960,4000,117,0.952049340009019,1,170.502681052964,1.42279132586697,0.0120232713488136,0.00834468594323749
"394",396,"cm",10,1,2.637956,0.833979035283379,1.85,4.098,0.98,6.286,1170,50,66,0.885839551947081,1,124.136251229046,1.54555331566404,0.0149029794414086,0.0124504590751038
"395",397,"cm",10,1,2.647092,0.831100694649072,1.85,4.098,0.98,6.286,1170,50,66,0.885839551947081,1,124.136251229046,1.54555331566404,0.0149029794414086,0.0124504590751038
"396",398,"cm",10,1,2.609684,0.843013943450625,1.85,4.098,0.98,6.286,1170,50,66,0.885839551947081,1,124.136251229046,1.54555331566404,0.0149029794414086,0.0124504590751038
"397",399,"cm",10,2,2.518024,0.873700965518994,1.45,4.101,0.849,6.27,1170,50,66,0.54237417265419,1,123.50511783131,1.16082041011963,0.0117404041667365,0.00939896605503537
"398",400,"cm",10,2,2.503404,0.87880342126161,1.45,4.101,0.849,6.27,1170,50,66,0.54237417265419,1,123.50511783131,1.16082041011963,0.0117404041667365,0.00939896605503537
"399",401,"cm",10,2,2.471752,0.890056931277895,1.45,4.101,0.849,6.27,1170,50,66,0.54237417265419,1,123.50511783131,1.16082041011963,0.0117404041667365,0.00939896605503537
"400",402,"cm",10,3,2.341644,0.93951087355721,1.62,4.154,0.865,6.355,1170,50,66,0.724818537888393,1,126.876439447694,1.22055848125833,0.012768328044608,0.00962005622613268
"401",403,"cm",10,3,2.351556,0.935550758731665,1.62,4.154,0.865,6.355,1170,50,66,0.724818537888393,1,126.876439447694,1.22055848125833,0.012768328044608,0.00962005622613268
"402",404,"cm",10,3,2.316336,0.949775852898716,1.62,4.154,0.865,6.355,1170,50,66,0.724818537888393,1,126.876439447694,1.22055848125833,0.012768328044608,0.00962005622613268
"403",405,"ca",10,1,3.822632,0.575519694283938,1.14,4.671,0.971,8.442,1350,149,62,0.216472700994935,0,223.89302718311,1.72945080492141,0.00509171730063597,0.00772445138948874
"404",406,"ca",10,1,3.876444,0.567530448008536,1.14,4.671,0.971,8.442,1350,149,62,0.216472700994935,0,223.89302718311,1.72945080492141,0.00509171730063597,0.00772445138948874
"405",407,"ca",10,1,3.865384,0.569154319467354,1.14,4.671,0.971,8.442,1350,149,62,0.216472700994935,0,223.89302718311,1.72945080492141,0.00509171730063597,0.00772445138948874
"406",408,"ca",10,2,3.415388,0.644143505803733,1.73,4.407,1.041,7.646,1350,149,62,0.815360177974851,1,183.661640864791,1.87544527137404,0.00941949550191374,0.0102114152010365
"407",409,"ca",10,2,3.261884,0.674456847637746,1.73,4.407,1.041,7.646,1350,149,62,0.815360177974851,1,183.661640864791,1.87544527137404,0.00941949550191374,0.0102114152010365
"408",410,"ca",10,2,3.271184,0.672539361894653,1.73,4.407,1.041,7.646,1350,149,62,0.815360177974851,1,183.661640864791,1.87544527137404,0.00941949550191374,0.0102114152010365
"409",411,"ca",10,3,2.98302,0.73750762649932,2.1,4.248,0.974,7.335,1350,149,62,0.961702577435521,1,169.024674806785,1.58256773623782,0.0124242215073068,0.00936293909777895
"410",412,"ca",10,3,2.993576,0.734907014219783,2.1,4.248,0.974,7.335,1350,149,62,0.961702577435521,1,169.024674806785,1.58256773623782,0.0124242215073068,0.00936293909777895
"411",413,"ca",10,3,3.03944,0.723817545337299,2.1,4.248,0.974,7.335,1350,149,62,0.961702577435521,1,169.024674806785,1.58256773623782,0.0124242215073068,0.00936293909777895
"412",414,"cabal",10,1,2.03932,1.07879096953887,2.05,3.79,0.97,6.23,NA,594,98,0.952049340009019,1,121.934321504515,1.40036924502755,0.0168123295779695,0.0114846191601246
"413",415,"cabal",10,1,2.025196,1.08631460856134,2.05,3.79,0.97,6.23,NA,594,98,0.952049340009019,1,121.934321504515,1.40036924502755,0.0168123295779695,0.0114846191601246
"414",416,"cabal",10,1,2.054004,1.07107873207647,2.05,3.79,0.97,6.23,NA,594,98,0.952049340009019,1,121.934321504515,1.40036924502755,0.0168123295779695,0.0114846191601246
"415",417,"cabal",10,2,2.159512,1.01874868025739,2.06,3.82,1.05,5.92,NA,594,98,0.954148874370597,1,110.101512774769,1.65387181752826,0.0187100063212943,0.0150213360002739
"416",418,"cabal",10,2,2.146868,1.02474861053404,2.06,3.82,1.05,5.92,NA,594,98,0.954148874370597,1,110.101512774769,1.65387181752826,0.0187100063212943,0.0150213360002739
"417",419,"cabal",10,2,2.1523,1.02216233796404,2.06,3.82,1.05,5.92,NA,594,98,0.954148874370597,1,110.101512774769,1.65387181752826,0.0187100063212943,0.0150213360002739
"418",420,"cabal",10,3,2.20872,0.996052012025064,1.74,3.6,1,6.11,NA,594,98,0.822327767919964,1,117.28225110308,1.41371669411541,0.0148360044562132,0.0120539696400685
"419",421,"cabal",10,3,2.226536,0.988081935347104,1.74,3.6,1,6.11,NA,594,98,0.822327767919964,1,117.28225110308,1.41371669411541,0.0148360044562132,0.0120539696400685
"420",422,"cabal",10,3,2.22544,0.988568552735639,1.74,3.6,1,6.11,NA,594,98,0.822327767919964,1,117.28225110308,1.41371669411541,0.0148360044562132,0.0120539696400685
"421",423,"candonga",10,1,3.382008,0.650501122410119,0.86,2.869,0.706,6.69,NA,150,97,0.0690316523409028,0,140.60543496333,0.561564746364144,0.00611640652599445,0.00399390497608147
"422",424,"candonga",10,1,3.363336,0.654112464529265,0.86,2.869,0.706,6.69,NA,150,97,0.0690316523409028,0,140.60543496333,0.561564746364144,0.00611640652599445,0.00399390497608147
"423",425,"candonga",10,1,3.299808,0.666705456802335,0.86,2.869,0.706,6.69,NA,150,97,0.0690316523409028,0,140.60543496333,0.561564746364144,0.00611640652599445,0.00399390497608147
"424",426,"candonga",10,2,4.871836,0.451575135123596,0.73,3.469,0.644,6.702,NA,150,97,0.0387038359879479,0,141.110301469133,0.564983702379138,0.00517325802864708,0.0040038444854625
"425",427,"candonga",10,2,4.99438,0.440495116510958,0.73,3.469,0.644,6.702,NA,150,97,0.0387038359879479,0,141.110301469133,0.564983702379138,0.00517325802864708,0.0040038444854625
"426",428,"candonga",10,2,4.61958,0.476233770169583,0.73,3.469,0.644,6.702,NA,150,97,0.0387038359879479,0,141.110301469133,0.564983702379138,0.00517325802864708,0.0040038444854625
"427",429,"candonga",10,3,4.65012,0.473106070380979,0.63,2.874,0.831,7.087,NA,150,97,0.0245520725869014,0,157.788278592767,0.779378995180682,0.00399269201501307,0.00493939728686797
"428",430,"candonga",10,3,4.37318,0.503066418487234,0.63,2.874,0.831,7.087,NA,150,97,0.0245520725869014,0,157.788278592767,0.779378995180682,0.00399269201501307,0.00493939728686797
"429",431,"candonga",10,3,4.34424,0.506417693313445,0.63,2.874,0.831,7.087,NA,150,97,0.0245520725869014,0,157.788278592767,0.779378995180682,0.00399269201501307,0.00493939728686797
"430",432,"cb",11,1,2.606712,0.843975091993285,1.68,4.551,1.04,7.388,960,300,77,0.77735950640211,1,171.476119244642,1.93300688010906,0.00979728260355121,0.0112727468327603
"431",433,"cb",11,1,2.560392,0.859243428350034,1.68,4.551,1.04,7.388,960,300,77,0.77735950640211,1,171.476119244642,1.93300688010906,0.00979728260355121,0.0112727468327603
"432",434,"cb",11,1,2.633756,0.835308965598939,1.68,4.551,1.04,7.388,960,300,77,0.77735950640211,1,171.476119244642,1.93300688010906,0.00979728260355121,0.0112727468327603
"433",435,"cb",11,2,2.435772,0.903204405009993,2.04,4.398,0.888,7.217,960,300,77,0.949858719589242,1,163.630132963971,1.36188689957841,0.0124671413696717,0.00832295907183724
"434",436,"cb",11,2,2.457108,0.895361538849737,2.04,4.398,0.888,7.217,960,300,77,0.949858719589242,1,163.630132963971,1.36188689957841,0.0124671413696717,0.00832295907183724
"435",437,"cb",11,2,2.42628,0.906737886806139,2.04,4.398,0.888,7.217,960,300,77,0.949858719589242,1,163.630132963971,1.36188689957841,0.0124671413696717,0.00832295907183724
"436",438,"cb",11,3,2.599204,0.846412978742723,1.97,4.409,0.972,7.334,960,300,77,0.931670584979015,1,168.97859078415,1.63580870277888,0.011658281625253,0.00968056778783553
"437",439,"cb",11,3,2.537448,0.867012841248373,1.97,4.409,0.972,7.334,960,300,77,0.931670584979015,1,168.97859078415,1.63580870277888,0.011658281625253,0.00968056778783553
"438",440,"cb",11,3,2.5607,0.85914007888468,1.97,4.409,0.972,7.334,960,300,77,0.931670584979015,1,168.97859078415,1.63580870277888,0.011658281625253,0.00968056778783553
"439",441,"candonga",11,1,2.806988,0.783758249055571,2,4.028,1.065,7.081,NA,250,80,0.940114426085325,1,157.521218084471,1.79410791900525,0.0126967022241251,0.0113896270027772
"440",442,"candonga",11,1,2.775316,0.792702524685477,2,4.028,1.065,7.081,NA,250,80,0.940114426085325,1,157.521218084471,1.79410791900525,0.0126967022241251,0.0113896270027772
"441",443,"candonga",11,1,2.786808,0.789433645949057,2,4.028,1.065,7.081,NA,250,80,0.940114426085325,1,157.521218084471,1.79410791900525,0.0126967022241251,0.0113896270027772
"442",444,"candonga",11,2,2.773376,0.793257026814972,2.08,3.594,1.11,7.375,NA,250,80,0.958088154555519,1,170.873187924157,1.73893727158823,0.0121727699077237,0.0101767708129848
"443",445,"candonga",11,2,2.801876,0.785188209613845,2.08,3.594,1.11,7.375,NA,250,80,0.958088154555519,1,170.873187924157,1.73893727158823,0.0121727699077237,0.0101767708129848
"444",446,"candonga",11,2,2.811716,0.782440331811605,2.08,3.594,1.11,7.375,NA,250,80,0.958088154555519,1,170.873187924157,1.73893727158823,0.0121727699077237,0.0101767708129848
"445",447,"candonga",11,3,2.867248,0.76728626194874,2.14,3.979,0.887,7.352,NA,250,80,0.968053517893261,1,169.809064518941,1.2293656224961,0.0126023896666677,0.00723969374649596
"446",448,"candonga",11,3,2.992296,0.735221381841903,2.14,3.979,0.887,7.352,NA,250,80,0.968053517893261,1,169.809064518941,1.2293656224961,0.0126023896666677,0.00723969374649596
"447",449,"candonga",11,3,2.885324,0.762479361070022,2.14,3.979,0.887,7.352,NA,250,80,0.968053517893261,1,169.809064518941,1.2293656224961,0.0126023896666677,0.00723969374649596
"448",450,"candonga",12,1,3.6429,0.603914463751407,0.8,4.133,1.093,6.978,NA,30,75,0.0529745601583018,0,152.971950019439,1.93894555718775,0.00522971695071117,0.0126751705586636
"449",451,"candonga",12,1,3.624944,0.606905927374326,0.8,4.133,1.093,6.978,NA,30,75,0.0529745601583018,0,152.971950019439,1.93894555718775,0.00522971695071117,0.0126751705586636
"450",452,"candonga",12,1,3.5543,0.618968573277439,0.8,4.133,1.093,6.978,NA,30,75,0.0529745601583018,0,152.971950019439,1.93894555718775,0.00522971695071117,0.0126751705586636
"451",453,"candonga",12,2,3.390864,0.648802193187341,1.12,4.129,1.208,8.112,NA,30,75,0.200961980237974,0,206.731072003226,2.36613019164955,0.00541766648403256,0.0114454502108547
"452",454,"candonga",12,2,3.3587,0.655015333313484,1.12,4.129,1.208,8.112,NA,30,75,0.200961980237974,0,206.731072003226,2.36613019164955,0.00541766648403256,0.0114454502108547
"453",455,"candonga",12,2,3.489964,0.630378995313419,1.12,4.129,1.208,8.112,NA,30,75,0.200961980237974,0,206.731072003226,2.36613019164955,0.00541766648403256,0.0114454502108547
"454",456,"candonga",12,3,2.211432,0.994830498970803,2.02,3.671,0.995,7.707,NA,30,75,0.945190206526539,1,186.603846057436,1.42721838558508,0.0108250716299719,0.00764838676018386
"455",457,"candonga",12,3,2.252384,0.976742864449401,2.02,3.671,0.995,7.707,NA,30,75,0.945190206526539,1,186.603846057436,1.42721838558508,0.0108250716299719,0.00764838676018386
"456",458,"candonga",12,3,2.239088,0.98254289246336,2.02,3.671,0.995,7.707,NA,30,75,0.945190206526539,1,186.603846057436,1.42721838558508,0.0108250716299719,0.00764838676018386
"457",459,"candonga",13,1,3.418484,0.643560127822743,1.47,3.723,0.746,7.372,NA,125,83,0.565583840119749,1,170.73420072357,0.813636788366859,0.00860987425934672,0.00476551730654242
"458",460,"candonga",13,1,3.403256,0.64643976239225,1.47,3.723,0.746,7.372,NA,125,83,0.565583840119749,1,170.73420072357,0.813636788366859,0.00860987425934672,0.00476551730654242
"459",461,"candonga",13,1,3.36958,0.652900361469382,1.47,3.723,0.746,7.372,NA,125,83,0.565583840119749,1,170.73420072357,0.813636788366859,0.00860987425934672,0.00476551730654242
"460",462,"candonga",13,2,4.403544,0.499597596844723,0.8,3.547,0.853,7.604,NA,125,83,0.0529745601583018,0,181.649450770167,1.01348922662342,0.00440408708426101,0.00557936851626238
"461",463,"candonga",13,2,4.371328,0.503279552575327,0.8,3.547,0.853,7.604,NA,125,83,0.0529745601583018,0,181.649450770167,1.01348922662342,0.00440408708426101,0.00557936851626238
"462",464,"candonga",13,2,4.458636,0.4934244464002,0.8,3.547,0.853,7.604,NA,125,83,0.0529745601583018,0,181.649450770167,1.01348922662342,0.00440408708426101,0.00557936851626238
"463",465,"candonga",13,3,3.819172,0.57604108953459,0.54,3.554,0.933,7.62,NA,125,83,0.0162244004372906,0,182.414692475099,1.2149001807211,0.00296028786208498,0.00666010047895096
"464",466,"candonga",13,3,3.705364,0.593733840993759,0.54,3.554,0.933,7.62,NA,125,83,0.0162244004372906,0,182.414692475099,1.2149001807211,0.00296028786208498,0.00666010047895096
"465",467,"candonga",13,3,3.782376,0.581644976596721,0.54,3.554,0.933,7.62,NA,125,83,0.0162244004372906,0,182.414692475099,1.2149001807211,0.00296028786208498,0.00666010047895096
"466",468,"candonga",14,1,4.603868,0.477859052431564,0.62,3.758,0.942,8.971,NA,25,80,0.0234518157101701,0,252.831735655021,1.30953909097036,0.00245222380170647,0.00517948859377833
"467",469,"candonga",14,1,4.47876,0.491207387759112,0.62,3.758,0.942,8.971,NA,25,80,0.0234518157101701,0,252.831735655021,1.30953909097036,0.00245222380170647,0.00517948859377833
"468",470,"candonga",14,1,4.487712,0.490227536882937,0.62,3.758,0.942,8.971,NA,25,80,0.0234518157101701,0,252.831735655021,1.30953909097036,0.00245222380170647,0.00517948859377833
"469",471,"candonga",14,2,3.06882,0.716887924348773,1.68,3.282,1.084,8.331,NA,25,80,0.77735950640211,1,218.044000555878,1.5144572786585,0.00770486688795396,0.00694564984497424
"470",472,"candonga",14,2,3.046872,0.722051992994783,1.68,3.282,1.084,8.331,NA,25,80,0.77735950640211,1,218.044000555878,1.5144572786585,0.00770486688795396,0.00694564984497424
"471",473,"candonga",14,2,3.059508,0.71906986352054,1.68,3.282,1.084,8.331,NA,25,80,0.77735950640211,1,218.044000555878,1.5144572786585,0.00770486688795396,0.00694564984497424
"472",474,"candonga",14,3,5.186276,0.424196475467175,0.57,3.611,0.96,8.799,NA,25,80,0.0186340566805638,0,243.229646204883,1.30686233150739,0.00234346433049475,0.0053729565943066
"473",475,"candonga",14,3,5.017956,0.438425526250131,0.57,3.611,0.96,8.799,NA,25,80,0.0186340566805638,0,243.229646204883,1.30686233150739,0.00234346433049475,0.0053729565943066
"474",476,"candonga",14,3,5.028072,0.437543456020518,0.57,3.611,0.96,8.799,NA,25,80,0.0186340566805638,0,243.229646204883,1.30686233150739,0.00234346433049475,0.0053729565943066
"475",477,"candonga",15,1,4.335564,0.507431097776437,0.71,4.229,0.968,8.077,NA,300,90,0.0353558584113133,0,204.950998481812,1.55613863565015,0.00346424269830042,0.00759273507900596
"476",478,"candonga",15,1,4.307288,0.510762224397347,0.71,4.229,0.968,8.077,NA,300,90,0.0353558584113133,0,204.950998481812,1.55613863565015,0.00346424269830042,0.00759273507900596
"477",479,"candonga",15,1,4.259788,0.516457626529771,0.71,4.229,0.968,8.077,NA,300,90,0.0353558584113133,0,204.950998481812,1.55613863565015,0.00346424269830042,0.00759273507900596
"478",480,"candonga",15,2,2.947248,0.746459069613416,1.88,4.071,0.838,8.036,NA,300,90,0.899335046843961,1,202.875558702293,1.12266200646267,0.00926676437529262,0.00553374696116109
"479",481,"candonga",15,2,2.858304,0.769687199122277,1.88,4.071,0.838,8.036,NA,300,90,0.899335046843961,1,202.875558702293,1.12266200646267,0.00926676437529262,0.00553374696116109
"480",482,"candonga",15,2,2.839448,0.774798481958465,1.88,4.071,0.838,8.036,NA,300,90,0.899335046843961,1,202.875558702293,1.12266200646267,0.00926676437529262,0.00553374696116109
"481",483,"candonga",15,3,3.817536,0.576287951181076,0.78,4.054,0.87,8.254,NA,300,90,0.0484543525139931,0,214.032045365575,1.2049863722377,0.00364431409636688,0.00562993438753312
"482",484,"candonga",15,3,3.957916,0.555848077624689,0.78,4.054,0.87,8.254,NA,300,90,0.0484543525139931,0,214.032045365575,1.2049863722377,0.00364431409636688,0.00562993438753312
"483",485,"candonga",15,3,3.956132,0.556098734824824,0.78,4.054,0.87,8.254,NA,300,90,0.0484543525139931,0,214.032045365575,1.2049863722377,0.00364431409636688,0.00562993438753312
"484",486,"candonga",16,1,4.788908,0.459394918423991,0.58,3.86,0.741,7.412,NA,90,60,0.0195128016836929,0,172.592012955197,0.832307113285918,0.00336052630749815,0.00482239646571581
"485",487,"candonga",16,1,4.750352,0.463123574842454,0.58,3.86,0.741,7.412,NA,90,60,0.0195128016836929,0,172.592012955197,0.832307113285918,0.00336052630749815,0.00482239646571581
"486",488,"candonga",16,1,4.698336,0.46825088712259,0.58,3.86,0.741,7.412,NA,90,60,0.0195128016836929,0,172.592012955197,0.832307113285918,0.00336052630749815,0.00482239646571581
"487",489,"candonga",16,2,4.509828,0.48782348240332,0.6,3.975,0.969,7.614,NA,90,60,0.0213938135395164,0,182.12753834019,1.46569826174239,0.00329439471629644,0.00804764768194833
"488",490,"candonga",16,2,4.698664,0.468218199896822,0.6,3.975,0.969,7.614,NA,90,60,0.0213938135395164,0,182.12753834019,1.46569826174239,0.00329439471629644,0.00804764768194833
"489",491,"candonga",16,2,4.583372,0.479995950579617,0.6,3.975,0.969,7.614,NA,90,60,0.0213938135395164,0,182.12753834019,1.46569826174239,0.00329439471629644,0.00804764768194833
"490",492,"candonga",16,3,3.861184,0.569773416651473,1.42,3.729,0.759,8.08,NA,90,60,0.507243802266706,1,205.103274619325,0.843598542741944,0.00692334143682272,0.0041130427795835
"491",493,"candonga",16,3,3.780144,0.581988411023495,1.42,3.729,0.759,8.08,NA,90,60,0.507243802266706,1,205.103274619325,0.843598542741944,0.00692334143682272,0.0041130427795835
"492",494,"candonga",16,3,3.804748,0.578224891635399,1.42,3.729,0.759,8.08,NA,90,60,0.507243802266706,1,205.103274619325,0.843598542741944,0.00692334143682272,0.0041130427795835
"493",495,"candonga",17,1,3.310988,0.664454235412511,0.85,3.588,0.853,6.081,NA,50,114,0.0660731399660382,0,116.171575577922,1.02520421345499,0.00731676398268234,0.00882491442811958
"494",496,"candonga",17,1,3.264632,0.673889124409734,0.85,3.588,0.853,6.081,NA,50,114,0.0660731399660382,0,116.171575577922,1.02520421345499,0.00731676398268234,0.00882491442811958
"495",497,"candonga",17,1,3.377064,0.651453451874172,0.85,3.588,0.853,6.081,NA,50,114,0.0660731399660382,0,116.171575577922,1.02520421345499,0.00731676398268234,0.00882491442811958
"496",498,"candonga",17,2,2.569788,0.85610174847108,1.47,3.662,0.791,6.427,NA,50,114,0.565583840119749,1,129.767659733163,0.899769344847275,0.0113279379702363,0.00693369477955787
"497",499,"candonga",17,2,2.612972,0.841953147603572,1.47,3.662,0.791,6.427,NA,50,114,0.565583840119749,1,129.767659733163,0.899769344847275,0.0113279379702363,0.00693369477955787
"498",500,"candonga",17,2,2.594896,0.847818178454936,1.47,3.662,0.791,6.427,NA,50,114,0.565583840119749,1,129.767659733163,0.899769344847275,0.0113279379702363,0.00693369477955787
"499",501,"candonga",17,3,3.611988,0.609082865170095,0.4,3.752,0.95,5.887,NA,50,114,0.00847149364830806,0,108.877450887558,1.32974977646659,0.00367385530005744,0.0122132706600549
"500",502,"candonga",17,3,3.609784,0.609454748538971,0.4,3.752,0.95,5.887,NA,50,114,0.00847149364830806,0,108.877450887558,1.32974977646659,0.00367385530005744,0.0122132706600549
"501",503,"candonga",17,3,3.6747,0.598688328298909,0.4,3.752,0.95,5.887,NA,50,114,0.00847149364830806,0,108.877450887558,1.32974977646659,0.00367385530005744,0.0122132706600549
"502",504,"candonga",18,1,3.080812,0.714097452230126,1.06,3.558,0.853,6.265,NA,49,70,0.159474025396346,0,123.308218511746,1.01663227187092,0.0085963451000553,0.0082446432536374
"503",505,"candonga",18,1,3.089916,0.711993465194523,1.06,3.558,0.853,6.265,NA,49,70,0.159474025396346,0,123.308218511746,1.01663227187092,0.0085963451000553,0.0082446432536374
"504",506,"candonga",18,1,3.097104,0.710341015348532,1.06,3.558,0.853,6.265,NA,49,70,0.159474025396346,0,123.308218511746,1.01663227187092,0.0085963451000553,0.0082446432536374
"505",507,"candonga",18,2,2.94096,0.748055056852184,1.04,3.724,0.783,6.307,NA,49,70,0.147279694933174,0,124.967054831066,0.89658833070367,0.008322193408542,0.00717459759226707
"506",508,"candonga",18,2,2.882428,0.763245430588379,1.04,3.724,0.783,6.307,NA,49,70,0.147279694933174,0,124.967054831066,0.89658833070367,0.008322193408542,0.00717459759226707
"507",509,"candonga",18,2,2.925528,0.752001006314074,1.04,3.724,0.783,6.307,NA,49,70,0.147279694933174,0,124.967054831066,0.89658833070367,0.008322193408542,0.00717459759226707
"508",510,"candonga",18,3,2.474356,0.88912023977148,1.03,3.893,0.845,6.52,NA,49,70,0.141477304993017,0,133.550360341164,1.09158537232606,0.00771244643120988,0.0081735861253952
"509",511,"candonga",18,3,2.502404,0.879154604931898,1.03,3.893,0.845,6.52,NA,49,70,0.141477304993017,0,133.550360341164,1.09158537232606,0.00771244643120988,0.0081735861253952
"510",512,"candonga",18,3,2.599188,0.8464181890652,1.03,3.893,0.845,6.52,NA,49,70,0.141477304993017,0,133.550360341164,1.09158537232606,0.00771244643120988,0.0081735861253952
"511",513,"candonga",19,1,2.492828,0.882531807248635,1.27,3.532,0.754,5.679,NA,20,65,0.337231129662878,0,101.319633476223,0.788539171714804,0.0125345893626632,0.00778268875103907
"512",514,"candonga",19,1,2.480832,0.886799267342569,1.27,3.532,0.754,5.679,NA,20,65,0.337231129662878,0,101.319633476223,0.788539171714804,0.0125345893626632,0.00778268875103907
"513",515,"candonga",19,1,2.487096,0.884565774702705,1.27,3.532,0.754,5.679,NA,20,65,0.337231129662878,0,101.319633476223,0.788539171714804,0.0125345893626632,0.00778268875103907
"514",516,"candonga",19,2,2.998328,0.733742272359795,1.16,3.765,0.897,6.541,NA,20,65,0.232831737045428,0,134.412039515783,1.18962409608088,0.00863017929181702,0.00885057693021014
"515",517,"candonga",19,2,2.900488,0.758493053582707,1.16,3.765,0.897,6.541,NA,20,65,0.232831737045428,0,134.412039515783,1.18962409608088,0.00863017929181702,0.00885057693021014
"516",518,"candonga",19,2,2.9417,0.747866879695414,1.16,3.765,0.897,6.541,NA,20,65,0.232831737045428,0,134.412039515783,1.18962409608088,0.00863017929181702,0.00885057693021014
"517",519,"candonga",19,3,2.845592,0.77312559214392,1.15,3.506,0.981,5.973,NA,20,65,0.224546398650063,0,112.081749730514,1.32498149305511,0.0102603680149982,0.0118215632450497
"518",520,"candonga",19,3,2.831004,0.777109463639048,1.15,3.506,0.981,5.973,NA,20,65,0.224546398650063,0,112.081749730514,1.32498149305511,0.0102603680149982,0.0118215632450497
"519",521,"candonga",19,3,2.858652,0.769593500712923,1.15,3.506,0.981,5.973,NA,20,65,0.224546398650063,0,112.081749730514,1.32498149305511,0.0102603680149982,0.0118215632450497
"520",522,"candonga",20,1,4.21268,0.522232877882963,0.58,3.402,0.904,6.117,NA,30,78,0.0195128016836929,0,117.551136876708,1.09176974729381,0.00493402288919015,0.00928761538426384
"521",523,"candonga",20,1,4.383652,0.501864655314792,0.58,3.402,0.904,6.117,NA,30,78,0.0195128016836929,0,117.551136876708,1.09176974729381,0.00493402288919015,0.00928761538426384
"522",524,"candonga",20,1,4.467,0.492500559659727,0.58,3.402,0.904,6.117,NA,30,78,0.0195128016836929,0,117.551136876708,1.09176974729381,0.00493402288919015,0.00928761538426384
"523",525,"candonga",20,2,3.039988,0.723687067185792,1.92,3.837,0.934,7.011,NA,30,78,0.915115642852754,1,154.422225427264,1.31445413623885,0.0124334434029016,0.00851207870241439
"524",526,"candonga",20,2,3.007412,0.731525976487425,1.92,3.837,0.934,7.011,NA,30,78,0.915115642852754,1,154.422225427264,1.31445413623885,0.0124334434029016,0.00851207870241439
"525",527,"candonga",20,2,3.06058,0.718818001816649,1.92,3.837,0.934,7.011,NA,30,78,0.915115642852754,1,154.422225427264,1.31445413623885,0.0124334434029016,0.00851207870241439
"526",528,"candonga",20,3,3.073244,0.715855948958169,1.07,3.327,0.808,6.573,NA,30,78,0.165871907505682,0,135.730402589676,0.852973243323117,0.00788327434078784,0.00628431970324085
"527",529,"candonga",20,3,3.161204,0.695937370698,1.07,3.327,0.808,6.573,NA,30,78,0.165871907505682,0,135.730402589676,0.852973243323117,0.00788327434078784,0.00628431970324085
"528",530,"candonga",20,3,3.102576,0.709088189942809,1.07,3.327,0.808,6.573,NA,30,78,0.165871907505682,0,135.730402589676,0.852973243323117,0.00788327434078784,0.00628431970324085
